Valor,Bairro,N_quartos,N_banheiros,Area
790000.0,Saúde,4.0,4.0,135
456000.0,Saúde,2.0,1.0,64
350000.0,Jabaquara,2.0,1.0,50
6500000.0,Itaim Bibi,,,330
595000.0,Saúde,3.0,1.0,87
450000.0,Saúde,2.0,1.0,60
530000.0,Saúde,2.0,2.0,58
163447.0,Vila Andrade,2.0,,43
389000.0,Ipiranga,1.0,1.0,45
450000.0,Saúde,2.0,1.0,74
360000.0,Saúde,1.0,1.0,37
1451583.0,Vila Mariana,3.0,,140
605000.0,Saúde,2.0,3.0,55
2950000.0,Itaim Bibi,1.0,1.0,90
495000.0,Saúde,3.0,1.0,79
520000.0,Pacaembu,1.0,,50
550000.0,Saúde,2.0,2.0,85
549900.0,Saúde,2.0,2.0,55
600000.0,Saúde,3.0,2.0,84
5042000.0,Indianópolis,4.0,,278
790000.0,Saúde,4.0,4.0,135
456000.0,Saúde,2.0,1.0,64
350000.0,Jabaquara,2.0,1.0,50
6500000.0,Itaim Bibi,,,330
595000.0,Saúde,3.0,1.0,87
450000.0,Saúde,2.0,1.0,60
530000.0,Saúde,2.0,2.0,58
163447.0,Vila Andrade,2.0,,43
389000.0,Ipiranga,1.0,1.0,45
450000.0,Saúde,2.0,1.0,74
360000.0,Saúde,1.0,1.0,37
1451583.0,Vila Mariana,3.0,,140
605000.0,Saúde,2.0,3.0,55
2950000.0,Itaim Bibi,1.0,1.0,90
495000.0,Saúde,3.0,1.0,79
520000.0,Pacaembu,1.0,,50
550000.0,Saúde,2.0,2.0,85
549900.0,Saúde,2.0,2.0,55
600000.0,Saúde,3.0,2.0,84
5042000.0,Indianópolis,4.0,,278
585000.0,Saúde,2.0,2.0,66
500000.0,Saúde,2.0,2.0,52
480000.0,Saúde,2.0,2.0,58
480500.0,Morumbi,2.0,,69
760000.0,Saúde,3.0,3.0,84
428000.0,Saúde,1.0,1.0,57
900000.0,Saúde,4.0,4.0,116
1078700.0,Lapa,4.0,,134
710000.0,Saúde,2.0,2.0,70
730000.0,Saúde,3.0,2.0,72
450000.0,Saúde,2.0,1.0,55
360100.0,Tatuapé,2.0,,47
435000.0,Saúde,2.0,2.0,60
480000.0,Saúde,2.0,2.0,60
650000.0,Saúde,3.0,2.0,85
381700.0,Brás,2.0,,57
600000.0,Saúde,3.0,2.0,68
900000.0,Saúde,4.0,5.0,144
570000.0,Saúde,2.0,2.0,75
440000.0,Barra Funda,2.0,,61
410000.0,Mirandópolis,2.0,1.0,50
480000.0,Saúde,2.0,2.0,65
498000.0,Saúde,2.0,2.0,70
251800.0,Vila Maria,1.0,,50
410000.0,Saúde,2.0,3.0,55
1349000.0,Saúde,3.0,5.0,123
480000.0,Saúde,2.0,2.0,68
217200.0,Pirituba,2.0,,43
545000.0,Saúde,3.0,2.0,75
370000.0,Saúde,2.0,2.0,61
450000.0,Saúde,2.0,2.0,55
207746.0,Pirituba,2.0,,43
535000.0,Saúde,3.0,3.0,85
660000.0,Saúde,3.0,2.0,73
300000.0,Moema,1.0,1.0,37
218230.0,Pirituba,2.0,,43
405000.0,Jardins,1.0,1.0,45
320000.0,Moema,1.0,1.0,37
370000.0,Moema,1.0,1.0,37
215000.0,Interlagos,2.0,,34
530000.0,Jardins,1.0,1.0,40
380000.0,Jardins,1.0,1.0,45
330000.0,Jardins,1.0,1.0,32
225000.0,Cambuci,1.0,,34
350000.0,Saúde,2.0,1.0,50
375000.0,Saúde,2.0,1.0,50
665000.0,Saúde,3.0,1.0,98
567600.0,Butantã,2.0,,50
460000.0,Saúde,2.0,1.0,57
410000.0,Saúde,2.0,1.0,54
640000.0,Jardins,1.0,1.0,41
999000.0,Moema,2.0,,71
460000.0,Mirandópolis,2.0,2.0,65
375000.0,Mirandópolis,1.0,1.0,40
310000.0,Saúde,1.0,1.0,42
1260000.0,Brooklin,,,137
530000.0,Saúde,3.0,2.0,79
330000.0,Saúde,1.0,1.0,33
550000.0,Saúde,2.0,2.0,60
880000.0,Pinheiros,1.0,,75
1550000.0,Paraíso,3.0,4.0,185
695000.0,Saúde,3.0,2.0,74
486000.0,Saúde,2.0,1.0,52
377600.0,Vila Madalena,1.0,,25
420000.0,Saúde,2.0,1.0,55
450000.0,Saúde,2.0,1.0,48
720000.0,Saúde,3.0,2.0,72
799000.0,Vila Andrade,3.0,,104
335000.0,Mirandópolis,1.0,1.0,46
375000.0,Saúde,2.0,1.0,50
820000.0,Saúde,2.0,3.0,97
216000.0,Vila Mascote,1.0,,34
600000.0,Saúde,3.0,2.0,79
390000.0,Saúde,2.0,2.0,55
850000.0,Saúde,3.0,4.0,107
663000.0,Morumbi,2.0,,62
660000.0,Saúde,3.0,2.0,98
399000.0,Saúde,2.0,2.0,62
490000.0,Ipiranga,3.0,1.0,61
212000.0,Vila Leopoldina,1.0,,
830000.0,Saúde,3.0,5.0,117
535000.0,Saúde,2.0,2.0,81
742000.0,Saúde,4.0,4.0,133
240000.0,Jardim Aricanduva,2.0,,
370000.0,Jabaquara,3.0,1.0,71
590000.0,Saúde,3.0,2.0,85
580000.0,Saúde,3.0,2.0,70
403400.0,Jardim Prudência,3.0,,69
651000.0,Ipiranga,2.0,1.0,69
750000.0,Ipiranga,3.0,1.0,105
640000.0,Mirandópolis,3.0,2.0,96
393650.0,Vila Madalena,,,24
482000.0,Saúde,2.0,3.0,55
740000.0,Ipiranga,2.0,2.0,67
450000.0,Saúde,2.0,2.0,64
1150800.0,Campo Belo,3.0,,100
550000.0,São Judas,2.0,2.0,62
765000.0,São Judas,3.0,3.0,87
980000.0,São Judas,4.0,4.0,108
387900.0,Vila Mascote,2.0,,49
550000.0,São Judas,2.0,2.0,71
690000.0,São Judas,3.0,3.0,86
380000.0,São Judas,2.0,3.0,62
2058300.0,Vila Madalena,4.0,,149
3500000.0,Higienópolis,4.0,5.0,350
360011.0,Brás,2.0,1.0,57
1350000.0,Higienópolis,3.0,3.0,150
1512200.0,Vila Leopoldina,4.0,,140
540000.0,Higienópolis,2.0,1.0,90
1060000.0,Higienópolis,2.0,2.0,118
620000.0,Vila Mariana,2.0,2.0,70
1250000.0,Jardim América,3.0,,70
640000.0,Saúde,3.0,3.0,78
850000.0,Vila Mariana,3.0,3.0,119
480000.0,Saúde,2.0,2.0,80
520000.0,Tatuapé,2.0,,69
415000.0,Santa Cecília,1.0,1.0,50
560000.0,Vila Olímpia,1.0,1.0,35
995000.0,Vila Olímpia,1.0,1.0,101
335275.0,Santana,3.0,,58
720000.0,Vila Mariana,2.0,2.0,65
855000.0,Vila Mariana,3.0,2.0,92
730000.0,Vila Mariana,3.0,3.0,77
381900.0,Mooca,3.0,,59
640000.0,Jardim Paulista,1.0,1.0,40
900000.0,Jardim Paulista,2.0,1.0,75
730000.0,Jardim Paulista,2.0,1.0,60
190000.0,Guaianazes,2.0,,50
6390000.0,Vila Olímpia,4.0,1.0,274
2250000.0,Itaim Bibi,3.0,3.0,210
750000.0,Vila Mariana,3.0,3.0,72
219624.0,Pirituba,2.0,,43
770000.0,Vila Mariana,3.0,1.0,85
460000.0,Vila Clementino,1.0,2.0,45
596000.0,Chácara Inglesa,2.0,2.0,67
510000.0,Pinheiros,1.0,,44
690000.0,Chácara Inglesa,2.0,2.0,67
869000.0,Chácara Inglesa,3.0,3.0,103
2650000.0,Jardim Paulista,3.0,2.0,223
258600.0,Jaçanã,2.0,,49
955000.0,Vila Nova Conceição,1.0,1.0,43
205000.0,Jardim Celeste,2.0,1.0,52
400000.0,Vila Gumercindo,2.0,1.0,53
381500.0,Belém,3.0,,59
479000.0,Vila Gumercindo,2.0,3.0,66
464000.0,Vila Gumercindo,2.0,3.0,66
570000.0,Vila Clementino,2.0,1.0,66
951600.0,Pinheiros,2.0,,73
796000.0,Saúde,4.0,5.0,229
820000.0,Sacomã,3.0,3.0,103
388000.0,Cursino,3.0,2.0,63
1300000.0,Perdizes,3.0,,116
573000.0,Chácara Inglesa,3.0,3.0,74
630000.0,Saúde,3.0,3.0,120
587000.0,Vila Mariana,3.0,2.0,85
399000.0,Penha,2.0,,60
599000.0,Vila Mariana,2.0,2.0,67
457000.0,Saúde,3.0,2.0,85
363000.0,Vila das Mercês,3.0,2.0,69
980000.0,Pinheiros,2.0,,78
699000.0,Saúde,2.0,2.0,106
1120000.0,Vila Santa Catarina,2.0,3.0,113
420000.0,Vila Gumercindo,2.0,2.0,70
690000.0,Consolação,2.0,,67
1064000.0,Saúde,3.0,3.0,108
690000.0,Morumbi,4.0,1.0,202
973000.0,Vila Mariana,2.0,2.0,87
1390000.0,Paraíso,2.0,,113
509000.0,Vila Gumercindo,2.0,1.0,63
534000.0,Vila Gumercindo,3.0,1.0,69
760000.0,Planalto Paulista,3.0,3.0,111
1730000.0,Aclimação,3.0,,163
1350000.0,Vila Mariana,3.0,4.0,129
610000.0,Chácara Inglesa,2.0,1.0,69
280000.0,Jabaquara,2.0,2.0,65
302000.0,Pirituba,2.0,,52
535000.0,Chácara Inglesa,2.0,2.0,64
235000.0,Jabaquara,2.0,2.0,65
260000.0,Jabaquara,2.0,1.0,60
1609470.0,Jardim das Perdizes,4.0,,157
299000.0,Sacomã,2.0,2.0,50
745000.0,Vila Mariana,3.0,1.0,83
530000.0,Ipiranga,2.0,2.0,56
918350.0,Jardim das Perdizes,2.0,,79
150000.0,Tatuapé,1.0,1.0,28
530000.0,Vila Guarani(Zona Sul),2.0,1.0,55
700000.0,Vila Guarani(Zona Sul),3.0,2.0,86
1978990.0,Jardim das Perdizes,4.0,,241
425000.0,Vila Guarani(Zona Sul),2.0,2.0,58
840000.0,Vila Guarani(Zona Sul),3.0,2.0,91
898000.0,Vila Guarani(Zona Sul),3.0,4.0,95
632000.0,Jardim das Perdizes,2.0,,60
750000.0,Vila Guarani(Zona Sul),3.0,3.0,88
899000.0,Vila Guarani(Zona Sul),3.0,3.0,110
800000.0,Vila Guarani(Zona Sul),3.0,4.0,95
1729250.0,Jardim das Perdizes,4.0,,158
825000.0,Vila Guarani(Zona Sul),3.0,2.0,94
530000.0,Vila Guarani(Zona Sul),2.0,2.0,63
600000.0,Vila Guarani(Zona Sul),2.0,2.0,73
235000.0,Real Parque,1.0,,35
580000.0,Barra Funda,2.0,2.0,70
450000.0,Vila Guarani(Zona Sul),2.0,1.0,56
395000.0,Vila Guarani(Zona Sul),2.0,2.0,60
660000.0,Santa Cecília,2.0,,68
530000.0,Vila Guarani(Zona Sul),2.0,2.0,66
369000.0,Vila Guarani(Zona Sul),2.0,1.0,69
338000.0,Vila Guarani(Zona Sul),2.0,1.0,47
330000.0,Tatuapé,2.0,,50
4300000.0,Higienópolis,4.0,10.0,304
230000.0,Parque Bristol,2.0,1.0,51
1950000.0,Real Parque,4.0,4.0,257
426450.0,Freguesia Do Ó,2.0,,52
4000000.0,Real Parque,3.0,5.0,300
280000.0,Cidade Ademar,2.0,1.0,46
260000.0,Sacomã,2.0,1.0,57
412600.0,Casa Verde,3.0,,60
257000.0,Morumbi,2.0,1.0,48
1820112.0,Aclimação,4.0,5.0,170
2300001.0,Brooklin,4.0,5.0,185
345300.0,Santo Amaro,2.0,,44
155900.0,Parque Bristol,2.0,1.0,41
1739011.0,Cerqueira César,2.0,3.0,91
369011.0,Campo Belo,1.0,1.0,35
333300.0,Vila Guilherme,2.0,,62
1699011.0,Vila Leopoldina,3.0,5.0,173
587976.0,Vila Mariana,1.0,1.0,50
1090000.0,Vila Romana,3.0,3.0,124
362700.0,Vila Maria,3.0,,59
5400000.0,Cidade Monções,4.0,6.0,445
1095000.0,Vila Romana,3.0,3.0,127
189000.0,Tatuapé,1.0,1.0,31
1400000.0,Santo Amaro,3.0,,130
1300000.0,Jardim América,3.0,4.0,186
574000.0,Santo Amaro,3.0,1.0,70
1280000.0,Brooklin,3.0,5.0,124
930000.0,Vila Leopoldina,2.0,,130
1188000.0,Morumbi,4.0,3.0,353
1200000.0,Pompéia,2.0,3.0,107
2300000.0,Paraíso,3.0,4.0,256
199000.0,Penha,2.0,,47
467000.0,Consolação,1.0,1.0,56
509000.0,Liberdade,1.0,1.0,45
2750000.0,Higienópolis,3.0,2.0,268
1250000.0,Mooca,3.0,,157
1750000.0,Sumaré,3.0,4.0,122
750000.0,Pinheiros,2.0,1.0,70
310000.0,Saúde,2.0,2.0,51
1646300.0,Vila Mariana,3.0,,113
300000.0,Cambuci,1.0,1.0,45
980000.0,Ipiranga,4.0,,140
490000.0,Lapa,2.0,1.0,61
629550.0,Vila Mariana,1.0,,45
3200000.0,Perdizes,3.0,3.0,330
900000.0,Sumaré,3.0,3.0,130
900000.0,Guaianazes,3.0,5.0,132
795870.0,Vila Mariana,2.0,,56
710001.0,Tatuapé,3.0,3.0,102
152000.0,Sacomã,2.0,1.0,41
152000.0,Cursino,2.0,1.0,41
911840.0,Vila Mariana,2.0,,67
152000.0,Cursino,2.0,1.0,41
152000.0,Cursino,2.0,1.0,41
152000.0,Cursino,2.0,1.0,40
567440.0,Vila Mariana,1.0,,45
152000.0,Cursino,2.0,1.0,40
152000.0,Saúde,2.0,1.0,40
152000.0,Cursino,2.0,1.0,40
607310.0,Alto da Boa Vista,,,62
152000.0,Cursino,2.0,1.0,40
152000.0,Cursino,2.0,2.0,40
152000.0,Cursino,2.0,1.0,40
152000.0,Cursino,2.0,1.0,41
152000.0,Cursino,2.0,1.0,41
152000.0,Cursino,2.0,1.0,41
152000.0,Cursino,2.0,1.0,41
152000.0,Cursino,2.0,1.0,41
152000.0,Cursino,2.0,1.0,41
152000.0,Cursino,2.0,1.0,41
152000.0,Cursino,2.0,1.0,41
152000.0,Cursino,2.0,1.0,41
152000.0,Sacomã,2.0,1.0,41
152000.0,Cursino,2.0,1.0,41
152000.0,Cursino,2.0,1.0,41
152000.0,Cursino,2.0,1.0,40
152000.0,Jabaquara,2.0,1.0,40
152000.0,Saúde,2.0,1.0,41
152000.0,Cursino,2.0,1.0,41
310000.0,Pinheiros,1.0,1.0,18
1790000.0,Aclimação,4.0,5.0,170
1780052.0,Aclimação,4.0,5.0,170
1790052.0,Aclimação,4.0,5.0,170
1584650.0,Pinheiros,3.0,,107
280011.0,Centro,1.0,1.0,27
530000000.0,Butantã,2.0,2.0,66
1300000.0,Pinheiros,1.0,1.0,48
360000.0,Jardins,1.0,1.0,29
290000.0,Jardins,1.0,1.0,28
470000.0,Jardins,1.0,1.0,42
320000.0,Moema,1.0,1.0,32
580000.0,Jardins,1.0,1.0,27
760000.0,Jardins,2.0,1.0,62
320000.0,Moema,1.0,1.0,32
299000.0,Santa Cecília,1.0,1.0,35
660001.0,Vila Prudente,3.0,3.0,100
249000.0,Vila Prudente,1.0,2.0,48
154000.0,Parque Bristol,2.0,1.0,40
152000.0,Parque Bristol,2.0,1.0,40
280000.0,Itaim Bibi,1.0,1.0,29
1250800.0,Cerqueira César,2.0,2.0,62
305000.0,Brooklin,1.0,1.0,34
440000.0,Pinheiros,1.0,1.0,36
400000.0,Vila Olímpia,1.0,1.0,30
230000.0,Vila Matilde,2.0,1.0,51
697511.0,Campo Belo,2.0,2.0,70
240000.0,Campo Grande,2.0,1.0,34
290000.0,Jardim Paulista,1.0,1.0,28
300000.0,Jardim Paulista,1.0,1.0,33
280000.0,Jardim Paulista,1.0,1.0,29
340000.0,Vila Olímpia,1.0,1.0,33
266900.0,Morumbi,2.0,1.0,50
638627.0,Ipiranga,,2.0,68
312800.0,Jardins,1.0,1.0,30
950000.0,Jabaquara,3.0,3.0,110
860000.0,Jabaquara,3.0,3.0,106
3800000.0,Moema,4.0,6.0,210
1100000.0,Moema,2.0,2.0,70
1516000.0,Cidade Monções,3.0,5.0,163
380000.0,Jardim Prudência,,2.0,65
1696000.0,Santo Amaro,2.0,4.0,138
1600000.0,Barra Funda,3.0,4.0,160
560000.0,Campo Belo,1.0,2.0,48
2250000.0,Itaim Bibi,1.0,,91
1345000.0,Casa Verde,3.0,4.0,140
1170000.0,Vila Gumercindo,3.0,5.0,110
440000.0,Tucuruvi,3.0,2.0,68
135000.0,República,1.0,1.0,12
730000.0,São Judas,3.0,2.0,
699000.0,São Judas,3.0,2.0,73
889900.0,Tatuapé,3.0,4.0,123
900000.0,Parque São Domingos,3.0,4.0,200
655000.0,São Judas,2.0,2.0,
660000.0,Vila São Francisco,3.0,2.0,82
805000.0,Moema,2.0,1.0,75
2847000.0,Aclimação,3.0,5.0,213
299000.0,Santana,2.0,1.0,60
1200000.0,Santana,4.0,5.0,160
850000.0,Santana,3.0,3.0,140
1500000.0,Santana,3.0,6.0,233
1650000.0,Santana,3.0,5.0,145
3200000.0,Consolação,4.0,4.0,362
450000.0,Mirandópolis,2.0,2.0,60
470000.0,Lapa,2.0,2.0,56
530000.0,Saúde,2.0,2.0,85
750000.0,Moema,3.0,2.0,105
400001.0,República,1.0,1.0,30
696900.0,Ipiranga,3.0,3.0,93
753000.0,Panamby,3.0,2.0,110
490000.0,Lapa,2.0,2.0,65
1360000.0,Moema,3.0,3.0,104
461500.0,Moema,1.0,1.0,48
670000.0,Lapa,2.0,2.0,72
694149.0,Liberdade,2.0,2.0,68
850000.0,Butantã,3.0,3.0,145
1590000.0,Moema,2.0,3.0,120
2100000.0,Moema,4.0,4.0,220
150000.0,Butantã,1.0,1.0,45
270000.0,Butantã,2.0,1.0,55
450000.0,Butantã,2.0,2.0,61
2000000.0,Cambuci,3.0,4.0,290
456000.0,Liberdade,2.0,1.0,45
305000.0,Panamby,1.0,1.0,43
1392920.0,Perdizes,3.0,4.0,116
1028215.0,Jardins,2.0,2.0,70
630000.0,Tatuapé,3.0,3.0,87
1000000.0,Tatuapé,4.0,3.0,110
1080000.0,Perdizes,3.0,4.0,127
670000.0,Perdizes,2.0,2.0,65
750000.0,Pompéia,3.0,2.0,98
440000.0,Cambuci,3.0,,68
530000.0,Mooca,1.0,1.0,70
850000.0,Pinheiros,2.0,3.0,80
1390000.0,Pinheiros,2.0,3.0,182
378000.0,Butantã,3.0,2.0,75
2700000.0,Brooklin,4.0,4.0,185
1390000.0,Moema,3.0,2.0,123
2500000.0,Brooklin,3.0,3.0,163
780000.0,Brooklin,3.0,,115
1050000.0,Brooklin,2.0,2.0,70
350000.0,Pirituba,3.0,2.0,61
530000.0,Pompéia,2.0,2.0,53
560000.0,Pirituba,2.0,3.0,72
350000.0,Saúde,1.0,,42
2200000.0,Morumbi,5.0,6.0,245
700000.0,Ipiranga,3.0,3.0,76
500000.0,Ipiranga,2.0,1.0,82
960000.0,Moema,3.0,2.0,100
455000.0,Liberdade,1.0,1.0,43
320000.0,Butantã,2.0,1.0,50
630000.0,Butantã,3.0,2.0,106
350000.0,Jaguaré,2.0,2.0,65
227000.0,Perdizes,1.0,1.0,17
370000.0,Penha,2.0,1.0,58
430000.0,Ipiranga,2.0,2.0,63
685000.0,Cambuci,3.0,2.0,78
1190000.0,Pirituba,3.0,,131
415000.0,Jabaquara,3.0,1.0,68
583000.0,Jabaquara,3.0,2.0,90
410000.0,Jabaquara,3.0,1.0,71
980000.0,Tatuapé,3.0,4.0,115
735000.0,Morumbi,3.0,3.0,110
275000.0,Perdizes,1.0,1.0,17
450000.0,Brooklin,1.0,1.0,44
3400000.0,Moema,3.0,4.0,200
322000.0,Belém,2.0,2.0,55
1100000.0,Aclimação,3.0,3.0,105
330000.0,Pirituba,2.0,2.0,54
550000.0,Consolação,2.0,1.0,54
1200000.0,Brooklin,4.0,2.0,187
700000.0,Ipiranga,3.0,3.0,112
690000.0,Ipiranga,3.0,2.0,120
279900.0,Ipiranga,2.0,1.0,52
369405.0,República,1.0,1.0,27
996000.0,Brooklin,2.0,3.0,81
668000.0,Mooca,3.0,2.0,82
720000.0,Mooca,2.0,2.0,82
1200000.0,Perdizes,3.0,4.0,135
3000000.0,Brooklin,4.0,3.0,192
1700000.0,Moema,4.0,3.0,210
1900000.0,Santana,3.0,5.0,189
585000.0,Santana,3.0,3.0,90
2848660.0,Moema,4.0,5.0,163
390000.0,Consolação,1.0,1.0,30
800000.0,Perdizes,2.0,2.0,70
430000.0,Lapa,2.0,1.0,53
180000.0,Centro,1.0,1.0,22
828603.0,Brooklin,2.0,2.0,70
420000.0,Moema,1.0,1.0,42
349000.0,Mooca,2.0,2.0,63
465000.0,Centro,1.0,2.0,64
349000.0,Centro,2.0,2.0,63
320000.0,Imirim,2.0,1.0,51
980000.0,Lapa,3.0,5.0,130
1280000.0,Brooklin,4.0,3.0,164
1050000.0,Moema,2.0,2.0,76
445200.0,Jardins,1.0,1.0,37
860000.0,Moema,3.0,3.0,85
310000.0,Consolação,1.0,1.0,22
2850000.0,Indianópolis,3.0,4.0,260
883500.0,Pinheiros,1.0,,57
28000000.0,Moema,3.0,3.0,539
5470000.0,Moema,4.0,5.0,306
8000000.0,Moema,4.0,5.0,400
450000.0,Lapa,2.0,1.0,54
795000.0,Tatuapé,3.0,,93
240000.0,Jabaquara,2.0,1.0,49
499000.0,Interlagos,2.0,2.0,72
1550000.0,Santana,3.0,4.0,170
980000.0,Mandaqui,2.0,3.0,218
415000.0,Limão,3.0,2.0,65
2220000.0,Jardim Europa,1.0,2.0,82
415000.0,Vila Mariana,2.0,2.0,
2700000.0,Jardim Paulista,3.0,1.0,310
435000.0,Jardim Santa Terezinha,2.0,2.0,62
2130000.0,Vila Mariana,3.0,5.0,220
500000.0,Pompéia,2.0,2.0,77
1012000.0,Jardim Paulista,2.0,1.0,97
2400000.0,Itaim Bibi,4.0,5.0,217
1800000.0,Vila Uberabinha,4.0,3.0,209
680000.0,Ipiranga,3.0,3.0,93
700000.0,Saúde,3.0,2.0,80
5800000.0,Itaim Bibi,2.0,5.0,292
819000.0,Vila Olímpia,3.0,1.0,105
849000.0,Jardim Sul,3.0,5.0,143
469900.0,Campo Belo,1.0,1.0,43
202000.0,Itaquera,2.0,1.0,49
215000.0,Freguesia Do Ó,2.0,1.0,47
265000.0,Limão,2.0,1.0,50
549000.0,Santa Cecília,2.0,1.0,80
583000.0,Santa Cecília,2.0,2.0,95
330000.0,Vila Prudente,2.0,1.0,68
380000.0,Vila Andrade,1.0,1.0,49
400000.0,Vila Prudente,3.0,2.0,74
379000.0,Jardim Prudência,2.0,1.0,65
525000.0,Jardim Prudência,2.0,2.0,62
320000.0,Jardim Marajoara,3.0,1.0,67
320000.0,Cidade Ademar,2.0,1.0,70
290000.0,Cidade Ademar,3.0,2.0,64
313000.0,Mandaqui,3.0,1.0,61
199000.0,Jaraguá,2.0,1.0,37
1110000.0,Vila Clementino,4.0,2.0,137
690000.0,Vila Mariana,3.0,3.0,85
360000.0,Itaim Bibi,1.0,1.0,35
1100000.0,Jardim Paulista,3.0,3.0,96
290000.0,Bela Vista,1.0,1.0,34
365000.0,Bela Vista,1.0,1.0,45
220000.0,Capão Redondo,3.0,1.0,60
765000.0,Jardim Paulista,2.0,2.0,56
290000.0,Bela Vista,1.0,1.0,34
420000.0,Vila Prudente,3.0,2.0,81
1300000.0,Jardim Paulista,3.0,3.0,162
776200.0,Santo Amaro,2.0,2.0,75
1120000.0,Saúde,3.0,1.0,107
1070000.0,Vila Uberabinha,3.0,2.0,120
195000.0,Vila Prudente,1.0,1.0,35
1050000.0,Brooklin,2.0,2.0,80
1090000.0,Vila Uberabinha,3.0,3.0,116
950000.0,Itaim Bibi,3.0,2.0,92
698000.0,Vila Uberabinha,2.0,2.0,70
560000.0,Vila Guarani(Zona Sul),2.0,2.0,63
910000.0,Vila Guarani(Zona Sul),3.0,3.0,96
425000.0,Brooklin,1.0,1.0,40
450000.0,Jardins,1.0,1.0,45
420000.0,Consolação,1.0,1.0,45
1300000.0,Pinheiros,2.0,1.0,95
1984000.0,Vila Madalena,4.0,5.0,149
375000.0,Jardins,1.0,1.0,45
10268831.0,Vila Olímpia,5.0,2.0,343
2388011.0,Santo Amaro,5.0,6.0,189
300000.0,Vila Olímpia,1.0,1.0,33
257000.0,Morumbi,2.0,1.0,49
1300000.0,Morumbi,4.0,3.0,267
149900.0,Capão Redondo,2.0,1.0,40
149900.0,Capão Redondo,2.0,1.0,41
300000.0,Vila Olímpia,1.0,1.0,33
328600.0,Vila Prudente,2.0,2.0,64
800000.0,Brooklin,2.0,1.0,72
599590.0,República,2.0,2.0,65
3150000.0,Brooklin,4.0,5.0,210
1809000.0,Brooklin,2.0,3.0,138
1900000.0,Brooklin,4.0,4.0,170
1300000.0,Brooklin,2.0,3.0,80
2130000.0,Brooklin,3.0,4.0,178
960000.0,Tatuapé,3.0,3.0,102
1640000.0,Moema,3.0,4.0,148
560000.0,Higienópolis,1.0,1.0,60
1600000.0,Higienópolis,2.0,4.0,136
280001.0,República,1.0,1.0,30
1080000.0,Paraíso,2.0,2.0,78
2128000.0,Brooklin,3.0,5.0,168
385000.0,Lapa,2.0,1.0,48
995000.0,Higienópolis,3.0,3.0,110
678000.0,Cambuci,2.0,1.0,65
3800000.0,Higienópolis,4.0,4.0,272
930000.0,Perdizes,2.0,1.0,82
750000.0,Perdizes,3.0,2.0,64
2332000.0,Brooklin,3.0,,196
3190000.0,Pinheiros,4.0,4.0,211
950000.0,Jardins,2.0,2.0,65
1280000.0,Ipiranga,4.0,5.0,170
1342405.0,Perdizes,3.0,4.0,116
930334.0,Pinheiros,1.0,2.0,55
750000.0,Pinheiros,2.0,1.0,55
2200000.0,Higienópolis,3.0,,242
1370000.0,Higienópolis,3.0,,180
520000.0,Aclimação,3.0,3.0,70
1385000.0,Ipiranga,3.0,5.0,146
250000.0,Brooklin,1.0,1.0,30
330000.0,Pinheiros,1.0,1.0,35
300000.0,Jardins,1.0,1.0,35
690000.0,Pinheiros,2.0,2.0,
1276000.0,Pinheiros,2.0,2.0,89
1589000.0,Moema,3.0,4.0,148
540000.0,Saúde,2.0,1.0,62
950000.0,Consolação,2.0,2.0,120
18024030.0,Itaim Bibi,5.0,2.0,570
153000.0,Brás,1.0,1.0,26
1500000.0,Higienópolis,3.0,2.0,240
1800000.0,Santana,5.0,4.0,228
1290000.0,Butantã,3.0,5.0,205
350000.0,Tatuapé,2.0,2.0,69
310000.0,Jabaquara,3.0,1.0,78
307000.0,Morumbi,2.0,1.0,68
2400000.0,Moema,3.0,3.0,181
806000.0,Pirituba,3.0,1.0,107
293000.0,Morumbi,2.0,1.0,58
278000.0,Jabaquara,2.0,1.0,50
225000.0,Morumbi,2.0,1.0,59
216000.0,Morumbi,2.0,1.0,45
340000.0,Jabaquara,2.0,1.0,49
268000.0,Morumbi,3.0,1.0,59
278000.0,Morumbi,3.0,1.0,68
210000.0,Carrão,1.0,1.0,30
2500000.0,Moema,3.0,5.0,187
495000.0,Moema,1.0,1.0,50
2300000.0,Moema,3.0,5.0,165
1900000.0,Moema,3.0,5.0,220
750000.0,Moema,3.0,3.0,100
2200000.0,Moema,3.0,4.0,214
420000.0,Ipiranga,1.0,1.0,45
2400000.0,Moema,4.0,3.0,182
850000.0,Moema,3.0,3.0,100
950000.0,Jardins,2.0,3.0,119
200000.0,Centro,1.0,1.0,32
5500000.0,Pinheiros,3.0,5.0,332
450000.0,Perdizes,2.0,2.0,82
1630000.0,Brooklin,4.0,5.0,237
320000.0,Panamby,1.0,1.0,39
312000.0,Indianópolis,,1.0,
1250000.0,Tatuapé,3.0,5.0,190
596000.0,Tatuapé,3.0,2.0,96
588000.0,Pinheiros,1.0,1.0,49
321500.0,Centro,1.0,1.0,47
401779.0,Jaguaré,3.0,2.0,70
316315.0,Jaguaré,2.0,,56
385000.0,Jaguaré,3.0,2.0,70
388392.0,Centro,2.0,2.0,64
367642.0,Jaguaré,2.0,2.0,64
333300.0,Jaguaré,2.0,2.0,68
2751000.0,Aclimação,4.0,6.0,254
289775000.0,Centro,1.0,1.0,22
660000.0,Ipiranga,3.0,3.0,76
697000.0,Ipiranga,3.0,3.0,90
700000.0,Ipiranga,3.0,3.0,89
638000.0,Ipiranga,3.0,3.0,80
680000.0,Ipiranga,3.0,3.0,88
675000.0,Ipiranga,3.0,3.0,102
695000.0,Ipiranga,3.0,3.0,100
444317.0,Morumbi,2.0,2.0,65
355000.0,Ipiranga,3.0,2.0,68
265000.0,Tucuruvi,2.0,1.0,50
385000.0,Brooklin,1.0,1.0,39
1800000.0,Brooklin,4.0,5.0,
1100000.0,Perdizes,3.0,3.0,105
339741.0,Brás,2.0,2.0,51
270000.0,Consolação,1.0,1.0,30
250000.0,Jardins,1.0,1.0,33
285000.0,Jabaquara,2.0,1.0,50
270000.0,Jabaquara,1.0,,35
780000.0,Pompéia,3.0,3.0,93
1490000.0,Brooklin,3.0,4.0,163
1135000.0,Brooklin,2.0,3.0,185
390000.0,Centro,2.0,1.0,
5350000.0,Moema,4.0,5.0,316
1400000.0,Morumbi,6.0,4.0,510
270000.0,Jabaquara,1.0,1.0,34
1350000.0,Indianópolis,3.0,2.0,130
905000.0,Consolação,1.0,2.0,63
1050000.0,Pinheiros,3.0,2.0,128
1060000.0,Jardins,2.0,1.0,90
1300000.0,Tatuapé,3.0,3.0,152
1150000.0,Pinheiros,3.0,3.0,105
269000.0,Morumbi,2.0,1.0,48
1300000.0,Consolação,3.0,2.0,75
1500000.0,Paraíso,3.0,4.0,138
340000.0,Limão,3.0,1.0,61
746000.0,Butantã,2.0,2.0,67
328000.0,Jabaquara,2.0,1.0,54
530000.0,Jabaquara,3.0,1.0,73
464221.0,Morumbi,2.0,2.0,68
606706.0,Butantã,2.0,2.0,66
560000.0,Saúde,2.0,2.0,65
600000.0,Perdizes,2.0,2.0,90
1550000.0,Panamby,4.0,4.0,194
390000.0,Santana,1.0,1.0,49
399000.0,Centro,1.0,1.0,40
1400000.0,Jardim Paulista,3.0,4.0,199
1000000.0,Vila Mariana,2.0,2.0,110
170000.0,Itaim Paulista,2.0,1.0,41
275000.0,Freguesia Do Ó,2.0,1.0,50
320000.0,Vila Nova Cachoeirinha,3.0,1.0,65
300000.0,Freguesia Do Ó,2.0,1.0,50
395000.0,Vila Formosa,2.0,1.0,56
240000.0,Jaraguá,3.0,1.0,
1150000.0,Alto da lapa,3.0,3.0,100
900000.0,Santa Cecília,4.0,3.0,220
450000.0,Bela Vista,2.0,1.0,75
400000.0,Santa Cecília,2.0,1.0,78
376000.0,Bela Vista,1.0,1.0,38
429000.0,Vila Nova Conceição,1.0,1.0,39
1200000.0,Jardim Prudência,3.0,4.0,210
515000.0,Vila Andrade,3.0,4.0,167
330000.0,Vila Andrade,3.0,1.0,68
1150000.0,Morumbi,3.0,5.0,240
669000.0,Itaim Bibi,2.0,2.0,51
850000.0,Vila Mariana,3.0,2.0,100
2100000.0,Cerqueira César,3.0,2.0,160
852000.0,Vila Madalena,3.0,2.0,105
850000.0,Jardim Paulista,3.0,2.0,125
940000.0,Vila Olímpia,1.0,2.0,67
250000.0,Campo Limpo,2.0,1.0,52
450000.0,Vila Madalena,2.0,2.0,63
1790000.0,Jardim Vitória Régia,3.0,5.0,250
850000.0,Morumbi,1.0,2.0,124
700000.0,Vila Andrade,3.0,2.0,108
980000.0,Pompéia,3.0,2.0,121
772000.0,Chácara Santo Antônio,2.0,2.0,58
1654500.0,Vila Leopoldina,4.0,5.0,141
1537000.0,Chácara Flora,3.0,4.0,149
900000.0,Campo Belo,3.0,2.0,110
600000.0,Jardim Aeroporto,1.0,1.0,50
690000.0,Real Parque,3.0,4.0,133
410000.0,Lauzane Paulista,2.0,2.0,55
344500.0,Vila Carrão,2.0,1.0,51
1700000.0,Campo Belo,4.0,4.0,160
550000.0,Bela Vista,1.0,1.0,72
720000.0,Vila Andrade,3.0,3.0,125
660000.0,Vila Leopoldina,2.0,2.0,74
1009000.0,Bela Vista,3.0,2.0,65
1284380.0,Vila Anastácio,4.0,4.0,134
490000.0,Vila Leopoldina,2.0,2.0,56
1600000.0,Vila Regente Feijó,4.0,6.0,315
475000.0,Jaguara,2.0,2.0,60
375000.0,Bela Vista,1.0,1.0,32
2600000.0,Jardim Paulista,3.0,4.0,178
2100000.0,Chácara Klabin,3.0,4.0,208
540000.0,Penha,3.0,1.0,69
375000.0,Vila Olímpia,1.0,1.0,38
1200000.0,Vila Leopoldina,3.0,,103
1800000.0,Butantã,4.0,5.0,234
1200000.0,Bela Vista,3.0,3.0,168
400000.0,Pompéia,1.0,1.0,38
1200000.0,Vila Leopoldina,3.0,3.0,103
1600000.0,Alto da lapa,2.0,3.0,176
260000.0,Água Branca,2.0,1.0,55
1800000.0,Campo Belo,3.0,5.0,250
970000.0,Campo Belo,4.0,4.0,160
1400000.0,Jardim Paulista,2.0,2.0,108
400000.0,Casa Verde,2.0,2.0,75
871090.0,Jardim das Perdizes,2.0,2.0,80
600000.0,Alto da lapa,3.0,1.0,74
579000.0,Vila Leopoldina,1.0,1.0,70
595000.0,Pompéia,2.0,2.0,65
750000.0,Vila Nova Conceição,2.0,1.0,57
1272000.0,Vila Olímpia,1.0,2.0,63
1260000.0,Ipiranga,3.0,5.0,133
2800000.0,Alto da lapa,2.0,2.0,248
765000.0,Vila Mascote,2.0,3.0,83
790000.0,Campo Belo,3.0,4.0,100
297000.0,Freguesia Do Ó,3.0,1.0,60
240000.0,Freguesia Do Ó,2.0,1.0,42
302000.0,Água Branca,2.0,1.0,48
269000.0,Butantã,3.0,1.0,63
690000.0,Jardim Bonfiglioli,3.0,3.0,94
280000.0,Butantã,2.0,1.0,49
869442.0,Vila Mariana,2.0,2.0,69
742690.0,Bela Vista,2.0,2.0,64
620000.0,Bela Vista,1.0,1.0,44
1600000.0,Chácara Inglesa,3.0,4.0,220
342000.0,Vila Matilde,3.0,1.0,62
4950000.0,Real Parque,4.0,5.0,556
3160000.0,Jardim América,3.0,4.0,227
1450000.0,Itaim Bibi,3.0,3.0,129
1270000.0,Vila Leopoldina,3.0,3.0,126
395000.0,Vila Prudente,2.0,2.0,69
295000.0,Vila Prudente,2.0,1.0,52
270000.0,Bela Vista,1.0,1.0,30
1065000.0,Água Branca,3.0,3.0,120
448000.0,Vila Matilde,2.0,2.0,56
360000.0,Vila Carrão,3.0,1.0,60
255000.0,Cidade Líder,2.0,1.0,63
1211000.0,Vila Andrade,3.0,5.0,170
1031000.0,Santo Amaro,3.0,2.0,116
620000.0,Vila Mariana,2.0,2.0,63
415000.0,Tucuruvi,2.0,2.0,65
1399999.0,Tatuapé,4.0,5.0,209
840000.0,Vila Olímpia,3.0,3.0,110
780000.0,Vila Olímpia,3.0,3.0,104
1270000.0,Itaim Bibi,3.0,2.0,139
730000.0,Vila Olímpia,2.0,1.0,56
790000.0,Campo Belo,3.0,3.0,85
1250000.0,Vila Romana,4.0,4.0,120
738000.0,Butantã,2.0,1.0,
385000.0,Vila Leonor,3.0,1.0,63
320000.0,Morumbi,3.0,2.0,104
1580000.0,Chácara Inglesa,3.0,3.0,132
398000.0,Casa Verde,2.0,1.0,68
260000.0,Vila Prudente,2.0,1.0,56
850000.0,Bela Vista,2.0,2.0,55
900000.0,Bela Vista,3.0,3.0,110
3456146.0,Cerqueira César,2.0,1.0,131
413400.0,Vila Prudente,2.0,2.0,63
2998000.0,Real Parque,4.0,,715
1905000.0,Jardim Paulista,3.0,4.0,190
3990000.0,Vila Mariana,4.0,5.0,367
709000.0,Campo Belo,2.0,2.0,70
2290000.0,Campo Belo,4.0,4.0,185
1040000.0,Ipiranga,3.0,2.0,127
4000000.0,Vila Olímpia,3.0,4.0,210
1330000.0,Vila Olímpia,2.0,3.0,81
2880000.0,Vila Uberabinha,4.0,4.0,240
1820000.0,Itaim Bibi,1.0,1.0,60
2950000.0,Itaim Bibi,3.0,4.0,211
960000.0,Vila Romana,2.0,3.0,90
1910000.0,Vila Romana,3.0,5.0,172
457000.0,Vila Leopoldina,2.0,1.0,56
185000.0,Bela Vista,1.0,1.0,50
890000.0,Jardim das Perdizes,2.0,2.0,79
4125000.0,Vila Madalena,4.0,6.0,275
7570700.0,Jardim Paulista,4.0,6.0,407
1060000.0,Jardim Marajoara,3.0,3.0,120
342000.0,Santa Cecília,2.0,2.0,77
1010000.0,Itaim Bibi,1.0,3.0,83
2100000.0,Itaim Bibi,3.0,3.0,186
299000.0,Vila Sônia,2.0,1.0,70
1900000.0,Campo Belo,4.0,4.0,196
1270000.0,Água Fria,3.0,5.0,200
460000.0,Cidade Jardim,1.0,1.0,35
480000.0,Vila Olímpia,1.0,1.0,35
1590000.0,Saúde,4.0,7.0,420
510000.0,Vila Mariana,2.0,2.0,55
720000.0,Vila Leopoldina,3.0,2.0,75
695000.0,Mandaqui,3.0,2.0,141
530000.0,Vila Mariana,2.0,2.0,58
2080000.0,Bela Vista,3.0,4.0,139
630000.0,Vila Carrão,3.0,3.0,94
699000.0,Tatuapé,3.0,3.0,92
435000.0,Campo Belo,1.0,1.0,45
730000.0,Barra Funda,3.0,4.0,88
530000.0,Vila Romana,3.0,2.0,79
530000.0,Vila Mariana,2.0,2.0,58
850000.0,Granja Julieta,3.0,2.0,118
1150000.0,Vila Olímpia,2.0,2.0,76
1150000.0,Vila Nova Conceição,2.0,1.0,74
585000.0,Penha,3.0,2.0,78
929000.0,Vila Mariana,2.0,1.0,64
1900000.0,Vila Leopoldina,3.0,4.0,174
795000.0,Vila Leopoldina,2.0,3.0,79
890000.0,Vila Leopoldina,2.0,3.0,97
950000.0,Chácara Inglesa,3.0,1.0,109
780000.0,Vila Madalena,1.0,1.0,74
650000.0,Vila Leopoldina,2.0,2.0,67
3700000.0,Tatuapé,5.0,7.0,463
4450000.0,Alto de Pinheiros,4.0,6.0,286
1450000.0,Vila Leopoldina,3.0,5.0,142
986000.0,Brooklin,3.0,2.0,127
1100000.0,Vila Leopoldina,3.0,3.0,96
300000.0,Vila Mariana,1.0,1.0,29
1170000.0,Alto da lapa,3.0,4.0,127
975000.0,Brooklin Novo,3.0,2.0,113
294626.0,Pirituba,2.0,2.0,53
640000.0,Vila Leopoldina,3.0,2.0,87
279000.0,Bela Vista,1.0,1.0,21
2482084.0,Santo Amaro,4.0,6.0,250
1562086.0,Alto de Pinheiros,3.0,3.0,146
390000.0,Vila Leopoldina,2.0,1.0,48
1260000.0,Chácara Inglesa,2.0,3.0,104
820000.0,Tatuapé,3.0,4.0,100
750000.0,Real Parque,2.0,2.0,130
950000.0,Vila Leopoldina,3.0,3.0,101
850000.0,Vila Leopoldina,3.0,3.0,97
320000.0,Mooca,1.0,1.0,51
320000.0,Vila Maria,2.0,1.0,54
415000.0,Chácara Inglesa,2.0,2.0,67
210000.0,Jardim Celeste,2.0,1.0,50
310000.0,Campo Grande,2.0,1.0,45
7600000.0,Jardim Paulista,4.0,6.0,263
4260000.0,Jardim Paulista,4.0,5.0,310
375000.0,Barra Funda,1.0,1.0,34
990000.0,Jardim Aeroporto,2.0,4.0,109
369000.0,Parada Inglesa,2.0,2.0,60
400000.0,Parada Inglesa,2.0,2.0,55
330000.0,Jardim Aeroporto,2.0,2.0,70
185000.0,Artur Alvim,2.0,1.0,48
1290000.0,Vila Mascote,3.0,4.0,154
422100.0,Santa Cecília,1.0,1.0,
421900.0,Vila Guilherme,2.0,2.0,63
1431000.0,Itaim Bibi,1.0,1.0,56
2880000.0,Pinheiros,3.0,3.0,164
940000.0,Vila Mariana,3.0,3.0,127
957000.0,Jardim Paulista,2.0,2.0,100
940000.0,Chácara Klabin,3.0,3.0,110
481675.0,Santa Cecília,1.0,1.0,
928000.0,Chácara Inglesa,3.0,3.0,101
969000.0,Chácara Inglesa,3.0,3.0,101
660000.0,Vila Leopoldina,2.0,2.0,75
1730000.0,Vila Clementino,4.0,5.0,187
385000.0,Vila Olímpia,1.0,1.0,39
750000.0,Vila Medeiros,4.0,3.0,301
750000.0,Vila Mariana,3.0,3.0,90
860000.0,Jardim Marajoara,3.0,5.0,137
395000.0,Rio Pequeno,2.0,2.0,70
2250000.0,Vila Leopoldina,3.0,,186
1275000.0,Brooklin,4.0,4.0,141
720000.0,Brooklin,2.0,1.0,64
760000.0,Barra Funda,3.0,2.0,108
583000.0,Vila Andrade,3.0,3.0,121
360000.0,Vila Matilde,2.0,1.0,
750000.0,Campo Belo,2.0,1.0,70
1345355.0,Vila Clementino,3.0,4.0,95
376820.0,Vila Mariana,1.0,1.0,33
4470000.0,Itaim Bibi,2.0,4.0,208
1549000.0,Jardim Paulista,2.0,,94
1410000.0,Jardim Paulista,2.0,3.0,126
1100000.0,Jardim Paulista,2.0,1.0,72
1190000.0,Granja Julieta,3.0,3.0,121
1890000.0,Vila Mariana,2.0,5.0,204
1620150.0,Vila Olímpia,3.0,,91
6390000.0,Itaim Bibi,3.0,4.0,270
4200000.0,Itaim Bibi,2.0,3.0,210
4400000.0,Itaim Bibi,1.0,2.0,211
1790000.0,Campo Belo,3.0,5.0,154
6300000.0,Campo Belo,4.0,5.0,350
691000.0,Campo Belo,2.0,1.0,70
2550000.0,Campo Belo,3.0,4.0,222
750000.0,Campo Belo,3.0,2.0,120
880000.0,Campo Belo,2.0,2.0,71
455000.0,Campo Belo,1.0,1.0,49
3190000.0,Campo Belo,4.0,,220
930000.0,Campo Belo,3.0,4.0,110
1450000.0,Granja Julieta,3.0,4.0,168
385000.0,Chácara Santo Antônio,1.0,1.0,39
385000.0,Chácara Santo Antônio,1.0,1.0,39
1690000.0,Vila Leopoldina,3.0,5.0,151
1650000.0,Vila Leopoldina,3.0,5.0,151
890000.0,Vila Mariana,2.0,3.0,97
766000.0,Vila Madalena,2.0,1.0,73
2660000.0,Vila Olímpia,3.0,,194
1990000.0,Vila Olímpia,3.0,2.0,194
3800000.0,Itaim Bibi,3.0,4.0,203
3400000.0,Itaim Bibi,3.0,4.0,170
335000.0,Vila Andrade,3.0,1.0,78
2000000.0,Granja Julieta,3.0,5.0,209
968000.0,Granja Julieta,3.0,3.0,109
3191000.0,Vila Mariana,4.0,4.0,245
3404000.0,Vila Mariana,3.0,4.0,245
266767.0,Real Parque,1.0,1.0,35
7799000.0,Vila Nova Conceição,3.0,6.0,396
869000.0,Vila Olímpia,1.0,2.0,52
225000.0,Vila Maria,2.0,1.0,40
1894000.0,Granja Julieta,3.0,5.0,209
626000.0,Vila Andrade,2.0,1.0,51
1450000.0,Vila Leopoldina,3.0,5.0,142
185000.0,Vila Leopoldina,1.0,1.0,39
4200000.0,Alto da lapa,4.0,6.0,430
615000.0,Vila Leopoldina,2.0,1.0,76
1450000.0,Vila Leopoldina,3.0,5.0,142
890000.0,Vila Leopoldina,3.0,1.0,114
830000.0,Vila Leopoldina,3.0,2.0,88
641500.0,Vila Leopoldina,2.0,2.0,68
1485000.0,Vila Leopoldina,3.0,4.0,142
1350000.0,Vila Leopoldina,3.0,3.0,129
1550000.0,Vila Leopoldina,3.0,5.0,156
1350000.0,Vila Leopoldina,3.0,4.0,148
2050000.0,Vila Leopoldina,3.0,4.0,254
970000.0,Vila Leopoldina,3.0,4.0,117
1600000.0,Vila Leopoldina,3.0,4.0,142
580000.0,Pirituba,2.0,2.0,72
845000.0,São Judas,2.0,2.0,73
430000.0,São Mateus,2.0,1.0,89
260500.0,Pedreira,2.0,1.0,50
299000.0,Penha,3.0,2.0,69
295000.0,Penha,3.0,2.0,62
890000.0,Vila Guarani(Zona Sul),3.0,3.0,96
360000.0,City América,3.0,1.0,63
980000.0,Vila São Francisco,3.0,3.0,121
250000.0,Parque São Domingos,2.0,1.0,53
1400000.0,Pinheiros,3.0,3.0,135
434600.0,Moema,1.0,1.0,50
455000.0,Lapa,2.0,2.0,82
630000.0,Mooca,2.0,1.0,70
1628000.0,Ipiranga,4.0,4.0,170
790000.0,Lapa,3.0,2.0,92
288000.0,Centro,1.0,1.0,29
309000.0,República,1.0,1.0,34
505000.0,Pinheiros,1.0,1.0,41
980000.0,Pinheiros,2.0,2.0,105
529000.0,Panamby,1.0,1.0,69
509000.0,Centro,1.0,1.0,50
850000.0,Saúde,3.0,3.0,101
650000.0,Ipiranga,3.0,2.0,68
830000.0,Ipiranga,3.0,2.0,107
730000.0,Saúde,3.0,3.0,85
1350000.0,Moema,3.0,1.0,108
270000.0,Morumbi,2.0,1.0,51
820000.0,Morumbi,3.0,5.0,140
1400000.0,Brooklin,2.0,3.0,119
950000.0,Moema,3.0,2.0,127
1350000.0,Jardins,2.0,2.0,100
2900000.0,Higienópolis,4.0,4.0,399
960000.0,Morumbi,3.0,2.0,91
220000.0,Cangaíba,2.0,1.0,52
390000.0,Tatuapé,1.0,1.0,40
750000.0,Ipiranga,2.0,2.0,88
199000.0,Pirituba,2.0,1.0,47
420000.0,Consolação,1.0,1.0,42
1200000.0,Perdizes,3.0,3.0,185
1050000.0,Perdizes,3.0,2.0,115
742000.0,Saúde,3.0,2.0,100
1915000.0,Brooklin,1.0,2.0,125
848000.0,Moema,3.0,2.0,80
820000.0,Tatuapé,3.0,3.0,127
883500.0,Pinheiros,1.0,1.0,57
883500.0,Pinheiros,1.0,1.0,57
1361750.0,Perdizes,1.0,,86
800000.0,Paraíso,1.0,1.0,60
742000.0,Higienópolis,1.0,1.0,45
400000.0,Consolação,1.0,1.0,42
324000.0,Jardins,1.0,1.0,30
424000.0,Moema,1.0,1.0,42
650000.0,Jardins,2.0,2.0,43
930000.0,Moema,2.0,2.0,65
1200000.0,Moema,3.0,3.0,117
850000.0,Tatuapé,3.0,2.0,93
3000000.0,Sumaré,3.0,4.0,215
850000.0,Ipiranga,3.0,2.0,94
950000.0,Ipiranga,3.0,3.0,111
395000.0,Ipiranga,1.0,1.0,45
1700000.0,Brooklin,4.0,4.0,160
372000.0,Jaguaré,3.0,1.0,57
980000.0,Perdizes,3.0,2.0,107
319000000.0,Parque Novo Mundo,3.0,2.0,65
2035780.0,Jardins,3.0,5.0,133
180000.0,República,1.0,1.0,26
410000.0,Brooklin,1.0,1.0,40
1300000.0,Mooca,3.0,4.0,142
1920000.0,Jaguaré,4.0,5.0,234
172000.0,Morumbi,2.0,1.0,45
189000.0,Brás,2.0,1.0,38
950000.0,Centro,2.0,2.0,114
275000.0,Lapa,2.0,1.0,55
225000.0,Jabaquara,2.0,1.0,50
2250000.0,Pinheiros,3.0,4.0,140
999000.0,Perdizes,3.0,2.0,80
995000.0,Perdizes,2.0,2.0,132
1100000.0,Pinheiros,1.0,2.0,82
1435000.0,Perdizes,4.0,4.0,126
680000.0,Sumaré,2.0,1.0,64
834900.0,Perdizes,3.0,4.0,115
995000.0,Perdizes,3.0,3.0,80
555000.0,Jabaquara,3.0,2.0,85
195000.0,Morumbi,2.0,1.0,53
394000.0,Morumbi,3.0,1.0,105
1000000.0,Perdizes,3.0,5.0,170
290000.0,Interlagos,2.0,1.0,48
210500.0,Jabaquara,2.0,1.0,56
380000.0,Jabaquara,2.0,1.0,55
270000.0,Jabaquara,2.0,1.0,55
350000.0,Jabaquara,2.0,1.0,55
240000.0,Morumbi,2.0,1.0,47
280000.0,Jabaquara,3.0,1.0,54
410000.0,Butantã,2.0,1.0,50
510000.0,Butantã,3.0,2.0,67
1800000.0,Panamby,3.0,6.0,213
719000.0,Pompéia,2.0,2.0,62
1490000.0,Indianópolis,3.0,5.0,130
300000.0,Moema,1.0,1.0,33
250000.0,Jardins,1.0,1.0,33
585000.0,Brooklin,1.0,1.0,72
705000.0,Consolação,1.0,1.0,49
235000.0,Morumbi,1.0,2.0,49
520000.0,Ipiranga,2.0,2.0,68
1967000.0,Pinheiros,3.0,4.0,121
655000.0,Pompéia,3.0,3.0,74
750000.0,Pompéia,3.0,2.0,79
375000.0,Jardins,1.0,1.0,28
250000.0,Jabaquara,1.0,1.0,50
470000.0,Consolação,1.0,1.0,44
960000.0,Brooklin,3.0,2.0,95
990000.0,Itaim Bibi,3.0,3.0,115
4500000.0,Panamby,4.0,6.0,430
240000.0,Jabaquara,2.0,1.0,55
6000000.0,Indianópolis,3.0,4.0,289
1430000.0,Indianópolis,3.0,2.0,104
370000.0,Jabaquara,2.0,2.0,67
180000.0,Penha,1.0,1.0,35
214000.0,Cupecê,,,78
886000.0,Tatuapé,4.0,4.0,135
760000.0,Consolação,2.0,1.0,70
185000.0,República,1.0,1.0,27
725000.0,Consolação,2.0,2.0,84
390000.0,Consolação,1.0,1.0,50
335000.0,Limão,2.0,1.0,70
5130000.0,Jardins,4.0,5.0,341
1100000.0,Panamby,3.0,3.0,152
1200000.0,Panamby,4.0,4.0,152
1100000.0,Panamby,3.0,4.0,152
1150000.0,Panamby,4.0,4.0,160
1550000.0,Panamby,4.0,7.0,192
1100000.0,Panamby,3.0,5.0,152
670000.0,Ipiranga,3.0,2.0,82
650000.0,Ipiranga,3.0,2.0,65
1220000.0,Moema,3.0,4.0,153
489000.0,Ipiranga,2.0,2.0,63
2890000.0,Perdizes,4.0,5.0,236
440000.0,Ipiranga,3.0,1.0,62
850000.0,Ipiranga,3.0,2.0,94
723000.0,Mooca,2.0,2.0,86
467000.0,Mooca,3.0,1.0,64
1375000.0,Mooca,4.0,5.0,178
1330000.0,Mooca,3.0,2.0,178
415990.0,Mooca,2.0,3.0,64
620000.0,Mooca,2.0,2.0,104
1650000.0,Mooca,3.0,4.0,178
890000.0,Mooca,3.0,2.0,110
475741.0,Tatuapé,2.0,2.0,76
235000.0,Jardins,1.0,1.0,23
659000.0,Brooklin,1.0,1.0,73
298000.0,Jabaquara,1.0,1.0,48
315000.0,Jabaquara,2.0,1.0,55
1700000.0,Santana,4.0,6.0,230
399000.0,Ipiranga,3.0,3.0,73
399000.0,Belém,3.0,3.0,73
399000.0,Brás,3.0,3.0,73
399000.0,Liberdade,3.0,3.0,73
349000.0,Belém,2.0,2.0,63
349000.0,Cambuci,2.0,2.0,63
399000.0,Centro,3.0,3.0,73
395000.0,Liberdade,3.0,3.0,73
500000.0,Jardins,1.0,1.0,42
940000.0,Paraíso,3.0,2.0,110
255000.0,Jabaquara,1.0,1.0,45
935000.0,Moema,3.0,3.0,127
235000.0,Paraíso,1.0,1.0,33
399000.0,Cambuci,3.0,3.0,73
260000.0,Moema,1.0,1.0,27
335000.0,Moema,1.0,1.0,30
380000.0,Jardins,1.0,1.0,40
380000.0,Moema,1.0,1.0,35
280000.0,Moema,1.0,1.0,30
400000.0,Moema,1.0,1.0,38
595000.0,Moema,1.0,1.0,40
310000.0,Moema,1.0,1.0,30
450000.0,Moema,1.0,1.0,37
325000.0,Moema,1.0,1.0,28
510000.0,Jardins,1.0,1.0,40
335000.0,Jabaquara,2.0,1.0,54
1223777.0,Aclimação,3.0,3.0,110
349000.0,Brás,2.0,2.0,63
399000.0,Mooca,3.0,3.0,73
399000.0,Belém,3.0,3.0,73
399000.0,Mooca,3.0,3.0,73
349000.0,Mooca,2.0,2.0,63
399000.0,Centro,3.0,3.0,73
349000.0,Ipiranga,2.0,2.0,63
399000.0,Liberdade,2.0,2.0,63
286200.0,Jardins,1.0,1.0,32
402800.0,Jardins,1.0,1.0,30
215000.0,Pirituba,2.0,1.0,45
280000.0,Cangaíba,3.0,1.0,56
1065000.0,Brooklin,3.0,4.0,159
245000.0,Jabaquara,2.0,1.0,50
325000.0,Jabaquara,2.0,1.0,47
420000.0,Brás,2.0,1.0,57
950000.0,Morumbi,3.0,3.0,124
318000.0,Jardins,1.0,1.0,32
750000.0,Paraíso,2.0,1.0,59
5750000.0,Moema,4.0,4.0,306
2500000.0,Jardins,2.0,2.0,117
445200.0,Jardins,1.0,1.0,38
1557000.0,Pinheiros,3.0,3.0,121
450000.0,Jabaquara,3.0,2.0,78
335000.0,Jabaquara,3.0,2.0,67
380000.0,Panamby,3.0,2.0,75
267000.0,Jabaquara,2.0,1.0,53
960000.0,Jardim São Paulo(Zona Norte),4.0,5.0,232
737000.0,Campo Belo,2.0,1.0,70
430000.0,Cidade Monções,1.0,1.0,55
975000.0,Jardim Paulista,3.0,2.0,100
530000.0,Barra Funda,1.0,1.0,59
689000.0,Jardim Paulista,2.0,1.0,47
715000.0,Bela Vista,2.0,2.0,49
705000.0,Vila Mariana,3.0,2.0,90
562000.0,Água Branca,2.0,2.0,60
590000.0,Santo Amaro,2.0,1.0,70
620000.0,Santa Cecília,3.0,1.0,120
340000.0,Jardim Paulista,1.0,1.0,38
626000.0,Santo Amaro,2.0,2.0,60
615000.0,Vila Leopoldina,1.0,1.0,70
420000.0,Vila Matilde,2.0,2.0,56
395000.0,Vila Anastácio,2.0,1.0,50
849000.0,Vila Romana,3.0,3.0,94
250000.0,Centro,1.0,1.0,30
1276000.0,Vila Olímpia,1.0,2.0,64
1199000.0,Itaim Bibi,1.0,1.0,48
450000.0,Anália Franco,1.0,1.0,70
935000.0,Vila Mariana,2.0,2.0,59
560000.0,Vila Olímpia,1.0,1.0,35
274000.0,Morumbi,2.0,1.0,48
466400.0,Vila Andrade,2.0,2.0,73
310000.0,Vila Prudente,2.0,1.0,50
295000.0,Saúde,3.0,1.0,64
900000.0,Vila Monumento,5.0,4.0,124
240000.0,Saúde,2.0,1.0,43
895000.0,Chácara Flora,3.0,3.0,93
1200000.0,Vila Clementino,3.0,3.0,107
965000.0,Rio Pequeno,4.0,2.0,151
430000.0,Santo Amaro,1.0,1.0,46
510000.0,Jardim das Vertentes,3.0,2.0,74
600000.0,Vila Mariana,2.0,2.0,68
700000.0,Campo Belo,3.0,,99
532000.0,Casa Verde,3.0,2.0,78
355000.0,Vila Andrade,2.0,2.0,56
660000.0,Anália Franco,3.0,2.0,81
330000.0,Barra Funda,2.0,,43
470000.0,Vila Anastácio,2.0,1.0,56
393504.0,Casa Verde,2.0,1.0,55
810000.0,Vila Olímpia,3.0,2.0,76
530000.0,Vila Olímpia,1.0,1.0,45
885000.0,Vila Leopoldina,2.0,2.0,89
350000.0,Itaim Bibi,1.0,1.0,28
400000.0,Campo Belo,1.0,1.0,44
320000.0,Vila Olímpia,1.0,1.0,32
850000.0,Vila Olímpia,3.0,2.0,105
500000.0,Santa Cecília,1.0,1.0,39
1950000.0,Alto da lapa,4.0,6.0,220
1354000.0,Alto da lapa,3.0,3.0,96
460000.0,Cerqueira César,1.0,1.0,72
388001.0,Centro,1.0,1.0,38
1545000.0,Chácara Santo Antônio,3.0,4.0,143
1100000.0,Jardim Paulista,3.0,3.0,129
499000.0,Vila Prudente,3.0,2.0,64
450000.0,Vila Andrade,2.0,1.0,69
290000.0,Jardim Europa,1.0,1.0,30
650000.0,Vila Nova Conceição,2.0,1.0,52
670000.0,Vila Leopoldina,2.0,2.0,70
320000.0,Jaguara,2.0,1.0,60
1550000.0,Vila Prudente,3.0,5.0,157
1250000.0,Itaim Bibi,3.0,3.0,130
2600000.0,Vila Nova Conceição,3.0,2.0,205
1250000.0,Vila Nova Conceição,1.0,1.0,54
370000.0,Tatuapé,2.0,1.0,52
680000.0,Bela Vista,2.0,1.0,62
5300000.0,Vila Mariana,4.0,7.0,325
1040000.0,Jardim das Vertentes,4.0,4.0,149
300000.0,Ermelino Matarazzo,2.0,1.0,45
990000.0,Vila Leopoldina,3.0,3.0,116
310000.0,Vila Santa Catarina,2.0,1.0,60
1940000.0,Bela Vista,1.0,2.0,200
800000.0,Vila Romana,2.0,3.0,89
995000.0,Vila Madalena,1.0,1.0,55
240000.0,Cidade Ademar,2.0,1.0,64
260000.0,Cidade Ademar,2.0,1.0,56
610000.0,Bela Vista,2.0,1.0,50
531650.0,Vila Mariana,2.0,2.0,49
685000.0,Santa Cecília,2.0,2.0,35
1888000.0,Real Parque,4.0,5.0,186
1200000.0,Vila Nova Conceição,1.0,1.0,57
229000.0,Vila Santa Catarina,2.0,1.0,55
275000.0,Vila Santa Catarina,2.0,1.0,54
270000.0,Penha,2.0,1.0,57
818000.0,Jardim Prudência,3.0,2.0,89
1175000.0,Vila Nova Conceição,2.0,2.0,73
250000.0,Penha,2.0,1.0,45
595000.0,Santa Cecília,2.0,1.0,75
600000.0,Casa Verde,3.0,1.0,97
750000.0,Vila Mariana,1.0,1.0,88
6300000.0,Vila Nova Conceição,3.0,4.0,280
599000.0,Morumbi,3.0,4.0,125
245000.0,Freguesia Do Ó,2.0,1.0,45
981000.0,Vila Mariana,3.0,3.0,123
305000.0,Vila Prudente,3.0,2.0,53
372000.0,Parada Inglesa,3.0,2.0,68
950000.0,Jardim Marajoara,2.0,3.0,142
199000.0,Jardim Marajoara,2.0,1.0,35
775000.0,Cerqueira César,1.0,1.0,57
605000.0,Bela Vista,1.0,1.0,44
985000.0,Vila Leopoldina,2.0,3.0,96
630000.0,Vila Leopoldina,3.0,2.0,78
550000.0,Vila Leopoldina,3.0,2.0,68
307000.0,Interlagos,3.0,1.0,65
490000.0,Vila Leopoldina,2.0,2.0,54
810000.0,Vila Leopoldina,2.0,3.0,94
430000.0,Jardim Marajoara,3.0,2.0,78
820000.0,Morumbi,4.0,3.0,95
675000.0,Vila Leopoldina,2.0,2.0,65
580000.0,Vila Leopoldina,3.0,2.0,81
650000.0,Vila Leopoldina,2.0,2.0,78
310000.0,Vila Prudente,1.0,1.0,58
495000.0,Vila Leopoldina,2.0,2.0,62
250000.0,Morumbi,2.0,1.0,48
2117006.0,Morumbi,4.0,5.0,261
560000.0,Jardim Prudência,3.0,3.0,101
2300000.0,Campo Grande,4.0,6.0,266
301300.0,Vila Prudente,3.0,2.0,60
750000.0,Vila Regente Feijó,2.0,2.0,91
375000.0,Vila Prudente,3.0,1.0,66
405373.0,Santo Amaro,2.0,2.0,61
235000.0,Freguesia Do Ó,2.0,1.0,42
313000.0,Parque São Domingos,2.0,2.0,56
900000.0,Chácara Klabin,3.0,2.0,107
5000000.0,Vila Prudente,4.0,1.0,343
595000.0,Vila Leopoldina,2.0,2.0,73
169900.0,Jardim Prudência,1.0,1.0,31
283000.0,Pirituba,2.0,1.0,52
495000.0,Campo Belo,1.0,1.0,42
400000.0,Água Branca,2.0,1.0,47
590000.0,Vila Madalena,2.0,2.0,77
1490000.0,Vila Leopoldina,3.0,5.0,188
955000.0,Vila Madalena,3.0,4.0,110
970000.0,Jardim Marajoara,4.0,5.0,136
1100000.0,Vila Clementino,4.0,1.0,127
595000.0,Chácara Santo Antônio,,3.0,135
685000.0,Vila Leopoldina,3.0,3.0,79
424000.0,Bela Vista,1.0,1.0,37
800000.0,Itaim Bibi,1.0,1.0,47
960000.0,Morumbi,2.0,3.0,160
380000.0,Itaim Bibi,1.0,1.0,43
580000.0,Vila Madalena,3.0,3.0,98
450500.0,Vila Olímpia,1.0,1.0,26
1600000.0,Alto da lapa,4.0,4.0,190
930000.0,Chácara Santo Antônio,2.0,3.0,111
1500000.0,Chácara Santo Antônio,3.0,4.0,176
9800000.0,Vila Nova Conceição,4.0,6.0,310
5200000.0,Vila Nova Conceição,3.0,6.0,192
5000000.0,Vila Nova Conceição,4.0,5.0,380
6000000.0,Vila Nova Conceição,2.0,3.0,276
2750000.0,Vila Nova Conceição,3.0,4.0,161
403000.0,Itaim Bibi,1.0,1.0,33
250000.0,Sacomã,3.0,1.0,62
250000.0,Penha,2.0,2.0,55
658050.0,Barra Funda,2.0,2.0,62
650000.0,Saúde,2.0,2.0,61
510000.0,Tatuapé,2.0,2.0,67
245000.0,Itaquera,2.0,1.0,45
1800000.0,Ipiranga,4.0,6.0,192
1247000.0,Pinheiros,3.0,2.0,82
4087000.0,Ibirapuera,4.0,7.0,268
2499007.0,Pinheiros,3.0,5.0,150
1267000.0,Pinheiros,3.0,3.0,98
1597000.0,Pinheiros,2.0,2.0,125
339000.0,Jabaquara,2.0,1.0,55
1798000.0,Vila Romana,4.0,3.0,173
685000.0,Brooklin,2.0,1.0,70
375000.0,Sacomã,2.0,2.0,57
750000.0,Chácara Klabin,2.0,2.0,72
290000.0,Vila das Mercês,2.0,1.0,50
1700000.0,Granja Julieta,4.0,5.0,209
650000.0,Jardim das Vertentes,3.0,2.0,84
290000.0,Vila das Mercês,2.0,1.0,50
1700000.0,Granja Julieta,4.0,5.0,209
650000.0,Jardim das Vertentes,3.0,2.0,84
460000.0,Morumbi,3.0,1.0,85
3500000.0,Campo Belo,4.0,,320
1858042.0,Vila Leopoldina,4.0,5.0,173
650000.0,Vila Regente Feijó,3.0,2.0,74
1060000.0,Vila Madalena,2.0,2.0,70
1750000.0,Campo Belo,2.0,3.0,134
1340000.0,Jardim América,2.0,2.0,180
2299000.0,Campo Belo,4.0,6.0,250
1750000.0,Vila Romana,3.0,5.0,118
1705000.0,Vila Romana,3.0,5.0,141
1950000.0,Vila Romana,3.0,5.0,180
1000000.0,Vila Romana,3.0,3.0,91
1800000.0,Vila Romana,3.0,5.0,173
1875000.0,Vila Leopoldina,3.0,5.0,186
10000000.0,Vila Nova Conceição,5.0,,676
2690000.0,Vila Mariana,4.0,5.0,213
1350000.0,Campo Belo,4.0,4.0,160
1390000.0,Vila Leopoldina,3.0,3.0,117
1230000.0,Vila Romana,3.0,3.0,133
1689000.0,Vila Romana,3.0,5.0,147
1350000.0,Água Branca,3.0,3.0,127
1150000.0,Pompéia,3.0,3.0,126
1600000.0,Vila Romana,3.0,5.0,188
1380000.0,Vila Romana,3.0,3.0,133
1650000.0,Jardim das Perdizes,4.0,4.0,159
2100000.0,Jardim das Perdizes,3.0,5.0,197
3500000.0,Tatuapé,4.0,6.0,330
1790000.0,Campo Belo,3.0,4.0,157
1180077.0,Vila Mariana,3.0,3.0,94
1240007.0,Vila Mariana,2.0,3.0,97
1200077.0,Vila Mariana,3.0,3.0,115
2500007.0,Vila Mariana,3.0,5.0,213
3000000.0,Vila Mariana,4.0,6.0,255
1180000.0,Vila Olímpia,2.0,3.0,81
1550000.0,Vila Leopoldina,3.0,4.0,143
1100000.0,Vila Leopoldina,3.0,2.0,114
410000.0,Jaguara,3.0,2.0,60
2200000.0,Alto da lapa,3.0,5.0,180
1300000.0,Vila Leopoldina,3.0,4.0,117
219000.0,Vila Nova Cachoeirinha,2.0,1.0,41
1600000.0,Vila Leopoldina,3.0,5.0,172
657200.0,Mooca,2.0,2.0,78
1590000.0,Vila Leopoldina,4.0,1.0,172
399000.0,Chácara Santo Antônio,1.0,1.0,37
680000.0,Jardim Marajoara,4.0,1.0,116
3780000.0,Itaim Bibi,3.0,3.0,200
1600000.0,Vila Leopoldina,3.0,4.0,142
1542777.0,Vila Mariana,3.0,5.0,148
1700007.0,Vila Mariana,3.0,5.0,127
1060000.0,Vila Leopoldina,4.0,4.0,114
439494.0,Alto da lapa,2.0,1.0,57
1200000.0,Jardim Marajoara,3.0,2.0,197
2400000.0,Campo Belo,3.0,3.0,151
530000.0,Chácara Klabin,1.0,1.0,93
1850000.0,Jardim Paulista,2.0,3.0,102
2344000.0,Granja Julieta,4.0,6.0,250
1734000.0,Campo Belo,4.0,6.0,189
2100000.0,Jardim Paulista,4.0,4.0,230
590000.0,Barra Funda,2.0,2.0,58
670000.0,Alto da Boa Vista,3.0,3.0,72
499000.0,Vila Sônia,2.0,3.0,87
750000.0,Vila Sônia,3.0,4.0,118
950000.0,Vila Sônia,4.0,3.0,145
272000.0,República,1.0,1.0,30
3449012.0,Vila Madalena,4.0,6.0,275
1090000.0,Pompéia,3.0,2.0,105
1350000.0,Perdizes,4.0,4.0,127
1690000.0,Perdizes,4.0,2.0,193
2090000.0,Perdizes,3.0,2.0,177
1650000.0,Lapa,4.0,,255
695000.0,Pompéia,2.0,,61
2390000.0,Perdizes,4.0,10.0,218
1270000.0,Perdizes,4.0,,146
1750000.0,Perdizes,4.0,,157
500000.0,Brooklin,1.0,1.0,40
350000.0,Jardins,1.0,1.0,35
550000.0,Mooca,2.0,2.0,64
570000.0,Mooca,3.0,2.0,87
700000.0,Pinheiros,2.0,2.0,85
950000.0,Pinheiros,2.0,2.0,74
980000.0,Pinheiros,2.0,3.0,74
4500000.0,Higienópolis,5.0,7.0,390
750000.0,Pinheiros,2.0,3.0,70
1215000.0,Jardins,3.0,3.0,135
980000.0,Ipiranga,4.0,5.0,139
1180000.0,Morumbi,4.0,6.0,373
255012.0,Cambuci,1.0,1.0,35
1220000.0,Brooklin,2.0,3.0,84
2340000.0,Brooklin,4.0,4.0,258
1690000.0,Morumbi,4.0,5.0,280
1950000.0,Perdizes,3.0,3.0,215
880000.0,Perdizes,3.0,2.0,95
1250000.0,Pompéia,3.0,3.0,120
7500000.0,Indianópolis,5.0,5.0,366
406399.0,Ipiranga,2.0,2.0,59
2250000.0,Moema,4.0,3.0,151
430000.0,Jaguaré,3.0,,73
880000.0,Perdizes,3.0,2.0,95
1250000.0,Pompéia,3.0,3.0,120
7500000.0,Indianópolis,5.0,5.0,366
406399.0,Ipiranga,2.0,2.0,59
2250000.0,Moema,4.0,3.0,151
430000.0,Jaguaré,3.0,,73
559000.0,Morumbi,2.0,3.0,84
1199000.0,Aclimação,3.0,3.0,111
318000.0,Panamby,1.0,1.0,39
420000.0,Butantã,3.0,2.0,68
577000.0,Morumbi,3.0,3.0,92
429000.0,Panamby,2.0,2.0,57
1150000.0,Aclimação,3.0,2.0,111
4794000.0,Morumbi,4.0,9.0,591
515000.0,Morumbi,3.0,3.0,84
1399970.0,Panamby,3.0,5.0,200
348000.0,Centro,2.0,1.0,52
1088000.0,Morumbi,3.0,4.0,136
369997.0,Morumbi,1.0,2.0,49
2089000.0,Moema,3.0,5.0,149
450000.0,Morumbi,1.0,2.0,55
1400000.0,Morumbi,3.0,5.0,177
335000.0,Morumbi,3.0,,124
1800000.0,Pacaembu,4.0,5.0,169
1470000.0,Brooklin,3.0,6.0,147
370000.0,Morumbi,3.0,3.0,83
380000.0,Jabaquara,2.0,2.0,57
280000.0,Socorro,2.0,1.0,58
440000.0,Mooca,2.0,2.0,110
350000.0,Jabaquara,2.0,1.0,62
152900.0,Itaquera,2.0,1.0,41
320000.0,Tatuapé,2.0,1.0,50
480000.0,Tatuapé,2.0,2.0,66
400000.0,Tatuapé,2.0,,58
500000.0,Aclimação,2.0,1.0,84
489000.0,Cambuci,2.0,3.0,81
342000.0,Sacomã,2.0,1.0,47
480000.0,Consolação,1.0,1.0,40
749000.0,Mooca,4.0,2.0,109
600000.0,Aclimação,2.0,1.0,62
500000.0,Aclimação,3.0,2.0,86
460000.0,Consolação,2.0,1.0,50
420000.0,Aclimação,2.0,2.0,64
850000.0,Consolação,3.0,2.0,98
385000.0,Mooca,2.0,2.0,56
1960000.0,Pinheiros,4.0,5.0,160
748000.0,Ibirapuera,,,77
430000.0,Freguesia Do Ó,3.0,1.0,68
1950000.0,Brooklin,4.0,5.0,175
1090000.0,Moema,3.0,2.0,113
373000.0,Jaguaré,2.0,1.0,54
1950000.0,Ibirapuera,3.0,5.0,161
660000.0,Saúde,3.0,1.0,72
310000.0,Jaguaré,3.0,1.0,78
1350000.0,Brooklin,4.0,4.0,166
3250000.0,Moema,4.0,5.0,255
5000000.0,Paraíso,4.0,6.0,474
280000.0,Penha,2.0,1.0,50
740000.0,Mooca,2.0,2.0,79
350000.0,Tatuapé,3.0,1.0,70
1350000.0,Brooklin,4.0,4.0,166
3250000.0,Moema,4.0,5.0,255
5000000.0,Paraíso,4.0,6.0,474
280000.0,Penha,2.0,1.0,50
740000.0,Mooca,2.0,2.0,79
350000.0,Tatuapé,3.0,1.0,70
520000.0,Mooca,3.0,2.0,68
795000.0,Perdizes,3.0,2.0,108
1800000.0,Perdizes,4.0,1.0,222
950000.0,Perdizes,3.0,3.0,136
983288.0,Moema,2.0,2.0,72
850000.0,Paraíso,2.0,2.0,65
367000.0,Interlagos,2.0,1.0,61
460000.0,Interlagos,3.0,2.0,80
523000.0,Interlagos,3.0,2.0,80
320000.0,Mooca,2.0,1.0,70
550000.0,Mooca,3.0,2.0,80
350000.0,Mooca,3.0,2.0,75
1580000.0,Santana,3.0,3.0,179
1450000.0,Moema,4.0,4.0,110
1405000.0,Morumbi,4.0,5.0,238
700000.0,Perdizes,2.0,2.0,63
498000.0,Interlagos,3.0,2.0,74
790000.0,Saúde,2.0,,
290000.0,Tatuapé,2.0,2.0,54
250000.0,Guarapiranga,2.0,2.0,53
375000.0,Butantã,3.0,2.0,72
630000.0,Moema,1.0,1.0,35
636000.0,Moema,2.0,2.0,60
799000.0,Moema,2.0,2.0,75
1010000.0,Moema,3.0,3.0,127
570000.0,Moema,2.0,2.0,59
990000.0,Moema,1.0,2.0,72
1170000.0,Moema,3.0,3.0,100
1060000.0,Moema,3.0,3.0,109
945000.0,Moema,3.0,3.0,100
2680000.0,Itaim Bibi,3.0,5.0,161
650000.0,Moema,2.0,2.0,68
1300000.0,Moema,3.0,3.0,116
1118000.0,Moema,3.0,3.0,105
850000.0,Moema,3.0,3.0,101
1500000.0,Moema,4.0,5.0,216
950000.0,Moema,3.0,3.0,88
449000.0,Moema,1.0,1.0,36
1380000.0,Moema,3.0,4.0,129
1800000.0,Moema,3.0,5.0,155
1489000.0,Moema,3.0,3.0,102
930001.0,Lapa,3.0,4.0,128
1180001.0,Lapa,4.0,5.0,152
550001.0,Consolação,1.0,1.0,41
330001.0,Higienópolis,1.0,1.0,33
280001.0,Jaçanã,2.0,1.0,45
930001.0,Tatuapé,4.0,3.0,135
920001.0,Tatuapé,3.0,2.0,123
2900001.0,Moema,4.0,3.0,172
2300001.0,Brooklin,4.0,4.0,213
1970001.0,Brooklin,4.0,3.0,181
680001.0,Mooca,3.0,2.0,85
730001.0,Mooca,2.0,3.0,85
2150001.0,Paraíso,3.0,3.0,144
990001.0,Lapa,3.0,3.0,92
400001.0,Brás,2.0,2.0,57
260001.0,Brás,1.0,1.0,40
470001.0,Cambuci,3.0,2.0,72
350001.0,Cambuci,2.0,2.0,59
320001.0,Cambuci,2.0,1.0,49
489000.0,Consolação,1.0,1.0,41
478000.0,Butantã,3.0,2.0,66
358000.0,Parque Novo Mundo,3.0,2.0,60
989000.0,Tatuapé,3.0,4.0,124
1118000.0,Pinheiros,3.0,3.0,96
2509001.0,Moema,3.0,4.0,175
245001.0,Cambuci,1.0,1.0,35
339500.0,Tatuapé,2.0,1.0,48
391000.0,Mooca,3.0,2.0,60
368000.0,Brás,2.0,1.0,57
1130100.0,Tatuapé,4.0,5.0,164
445900.0,Mooca,3.0,2.0,73
317900.0,Brás,2.0,1.0,50
332900.0,Brás,1.0,1.0,45
1672112.0,Brooklin,3.0,5.0,158
655112.0,Pompéia,2.0,2.0,69
1103712.0,Indianópolis,2.0,3.0,74
841912.0,Pinheiros,2.0,2.0,68
617012.0,Pinheiros,1.0,1.0,49
1570012.0,Brooklin,3.0,5.0,130
1246012.0,Pinheiros,3.0,3.0,98
510012.0,Morumbi,2.0,3.0,77
1350012.0,Panamby,4.0,6.0,185
968012.0,Panamby,3.0,5.0,138
1723012.0,Brooklin,4.0,5.0,189
1980012.0,Brooklin,4.0,6.0,189
470000.0,Paraíso,1.0,1.0,62
1099012.0,Indianópolis,2.0,3.0,74
1345012.0,Brooklin,3.0,5.0,134
1135012.0,Mirandópolis,3.0,3.0,95
841912.0,Pinheiros,2.0,2.0,68
620012.0,Pinheiros,1.0,1.0,49
945012.0,Centro,2.0,2.0,114
1569012.0,Brooklin,,5.0,130
1276012.0,Pinheiros,3.0,3.0,98
2497112.0,Brooklin,4.0,6.0,225
383112.0,Centro,1.0,1.0,27
1811112.0,Aclimação,4.0,5.0,170
2358112.0,Brooklin,4.0,6.0,250
660012.0,Pinheiros,1.0,2.0,63
1815112.0,Aclimação,4.0,5.0,170
1310012.0,Panamby,4.0,6.0,185
395000.0,Jaguaré,3.0,2.0,70
195000.0,Brás,,1.0,22
2200000.0,Perdizes,4.0,5.0,173
2470000.0,Moema,3.0,5.0,170
950000.0,Moema,3.0,3.0,88
790000.0,Moema,2.0,1.0,75
950000.0,Moema,1.0,2.0,74
850000.0,Moema,2.0,1.0,98
3392000.0,Moema,3.0,4.0,200
960000.0,Moema,2.0,3.0,116
4300000.0,Moema,4.0,5.0,247
299000.0,Perdizes,1.0,1.0,17
4499900.0,Ibirapuera,4.0,6.0,202
1150000.0,Moema,1.0,2.0,67
5066900.0,Moema,4.0,5.0,278
1890900.0,Brooklin,4.0,5.0,189
3600900.0,Ibirapuera,4.0,5.0,197
1200000.0,Pinheiros,3.0,2.0,98
650000.0,Tatuapé,3.0,2.0,
675000.0,Tatuapé,3.0,2.0,83
960000.0,Tatuapé,2.0,2.0,91
1280000.0,Tatuapé,3.0,3.0,
350000.0,Tatuapé,2.0,2.0,64
350000.0,Tatuapé,1.0,1.0,34
510000.0,Tatuapé,3.0,2.0,80
1600000.0,Moema,2.0,4.0,150
2500000.0,Moema,4.0,4.0,161
950000.0,Paraíso,2.0,3.0,84
665000.0,Pinheiros,1.0,1.0,47
4500000.0,Centro,1.0,3.0,183
660000.0,Perdizes,2.0,2.0,70
1200000.0,Paraíso,3.0,3.0,135
1900000.0,Paraíso,3.0,4.0,200
689000.0,Saúde,3.0,2.0,80
690000.0,Saúde,3.0,2.0,85
300001.0,Itaquera,2.0,2.0,57
560001.0,República,2.0,2.0,60
530001.0,Butantã,2.0,2.0,66
550001.0,Panamby,2.0,2.0,77
310001.0,República,1.0,1.0,29
900000.0,Perdizes,3.0,2.0,91
340001.0,Tatuapé,2.0,1.0,48
380001.0,Brás,2.0,2.0,57
950000.0,Perdizes,3.0,3.0,105
857735.0,Sumaré,3.0,3.0,120
1360000.0,Perdizes,3.0,3.0,104
980001.0,Panamby,3.0,5.0,138
690001.0,Moema,2.0,2.0,54
880000.0,Perdizes,3.0,3.0,128
1950000.0,Perdizes,4.0,4.0,189
2340001.0,Aclimação,4.0,5.0,208
2800001.0,Brooklin,5.0,6.0,225
1970000.0,Perdizes,3.0,4.0,290
400000.0,Perdizes,2.0,1.0,60
2750001.0,Aclimação,4.0,5.0,254
2500000.0,Pinheiros,3.0,2.0,175
600000.0,Perdizes,2.0,2.0,78
746400.0,Pinheiros,1.0,1.0,58
613828.0,Perdizes,1.0,1.0,82
1419900.0,Pinheiros,1.0,1.0,89
2300000.0,Higienópolis,2.0,3.0,239
730000.0,Perdizes,2.0,2.0,75
1270000.0,Higienópolis,3.0,3.0,139
523606.0,Pinheiros,1.0,1.0,35
1800000.0,Perdizes,4.0,6.0,221
800000.0,Pinheiros,3.0,3.0,95
1590000.0,Pinheiros,4.0,3.0,150
690000.0,Pinheiros,2.0,1.0,79
2660000.0,Higienópolis,4.0,5.0,275
490000.0,Pompéia,2.0,2.0,56
1500000.0,Perdizes,4.0,2.0,140
2920000.0,Higienópolis,3.0,3.0,206
900000.0,Perdizes,3.0,3.0,124
880000.0,Perdizes,2.0,1.0,88
900000.0,Perdizes,3.0,3.0,103
1600000.0,Perdizes,3.0,4.0,137
900000.0,Perdizes,2.0,3.0,117
2100000.0,Pompéia,4.0,5.0,177
6000000.0,Higienópolis,4.0,1.0,594
695706.0,Pompéia,1.0,1.0,64
1350000.0,Perdizes,4.0,4.0,152
1790000.0,Higienópolis,4.0,3.0,180
505638.0,Lapa,2.0,1.0,129
3450000.0,Perdizes,4.0,5.0,232
750000.0,Perdizes,3.0,2.0,102
920000.0,Pompéia,3.0,1.0,100
890700.0,Pinheiros,1.0,1.0,48
2500000.0,Pinheiros,3.0,3.0,240
560000.0,Perdizes,2.0,2.0,87
545000.0,Perdizes,2.0,2.0,56
1600000.0,Higienópolis,3.0,3.0,169
960000.0,Perdizes,2.0,2.0,134
540000.0,Lapa,2.0,2.0,66
1000000.0,Perdizes,3.0,3.0,135
627900.0,Pompéia,2.0,1.0,68
2390000.0,Sumaré,4.0,4.0,202
1170000.0,Perdizes,4.0,4.0,113
850000.0,Perdizes,3.0,3.0,103
1070000.0,Pinheiros,3.0,3.0,104
720000.0,Perdizes,2.0,2.0,60
930000.0,Higienópolis,3.0,2.0,141
690000.0,Pinheiros,1.0,1.0,44
2400000.0,Perdizes,3.0,3.0,142
770000.0,Perdizes,3.0,2.0,76
750000.0,Pinheiros,2.0,2.0,85
685000.0,Perdizes,2.0,2.0,64
2500000.0,Higienópolis,4.0,3.0,260
1670000.0,Perdizes,4.0,4.0,190
1580000.0,Pacaembu,4.0,4.0,160
1170000.0,Pinheiros,4.0,3.0,104
780000.0,Sumaré,2.0,3.0,105
1700000.0,Perdizes,4.0,5.0,181
2599000.0,Higienópolis,3.0,4.0,190
2350000.0,Perdizes,3.0,4.0,256
1300000.0,Pinheiros,3.0,3.0,138
1958000.0,Higienópolis,3.0,5.0,212
4300000.0,Sumaré,4.0,7.0,381
672243.0,Pompéia,2.0,1.0,69
2900000.0,Higienópolis,4.0,4.0,214
1300000.0,Paraíso,3.0,2.0,128
800000.0,Perdizes,2.0,2.0,91
1290000.0,Perdizes,3.0,4.0,160
1200000.0,Pacaembu,3.0,2.0,129
1200000.0,Perdizes,3.0,4.0,139
1600000.0,Pinheiros,4.0,4.0,120
2200000.0,Higienópolis,4.0,3.0,285
1500000.0,Higienópolis,3.0,3.0,218
900000.0,Pinheiros,3.0,3.0,146
950000.0,Perdizes,2.0,3.0,136
4990000.0,Higienópolis,4.0,5.0,420
1150000.0,Perdizes,3.0,5.0,136
900000.0,Pinheiros,3.0,2.0,102
485000.0,Lapa,2.0,1.0,55
715000.0,Perdizes,2.0,2.0,85
820000.0,Higienópolis,2.0,2.0,100
755000.0,Lapa,3.0,2.0,87
900000.0,Perdizes,2.0,1.0,105
600000.0,Pacaembu,2.0,2.0,60
750000.0,Higienópolis,2.0,3.0,103
680000.0,Pompéia,2.0,2.0,100
490000.0,Pinheiros,1.0,1.0,39
505000.0,Pinheiros,1.0,1.0,39
505000.0,Pinheiros,1.0,1.0,39
680001.0,Pinheiros,2.0,2.0,57
590001.0,Pinheiros,2.0,2.0,58
570001.0,Brooklin,2.0,2.0,54
470001.0,Mooca,3.0,2.0,68
300001.0,Centro,1.0,1.0,29
330001.0,Centro,1.0,1.0,31
560001.0,Conceição,3.0,2.0,76
450001.0,Conceição,2.0,2.0,58
440001.0,Tatuapé,3.0,2.0,70
400001.0,Tatuapé,2.0,2.0,60
1130001.0,Pompéia,3.0,2.0,105
670001.0,Pompéia,2.0,2.0,67
900001.0,Pompéia,2.0,2.0,87
1230001.0,Pinheiros,3.0,2.0,96
1190001.0,Mirandópolis,3.0,5.0,94
970001.0,Ipiranga,3.0,3.0,115
1240001.0,Tatuapé,4.0,3.0,164
940001.0,Tatuapé,3.0,2.0,124
360001.0,Saúde,1.0,1.0,35
300001.0,República,1.0,1.0,32
290001.0,Centro,1.0,1.0,20
1040000.0,Cambuci,2.0,3.0,95
650000.0,Cambuci,3.0,2.0,75
1430000.0,Cambuci,3.0,,133
750000.0,Cambuci,3.0,1.0,97
650000.0,Mooca,3.0,1.0,112
420000.0,Aclimação,1.0,1.0,44
550000.0,Cambuci,2.0,2.0,74
400001.0,Mooca,2.0,1.0,63
430001.0,Interlagos,3.0,2.0,58
230001.0,Consolação,1.0,1.0,23
260001.0,Cambuci,1.0,1.0,35
1100000.0,Mooca,3.0,1.0,122
415000.0,Brooklin,1.0,1.0,30
1050000.0,Tatuapé,3.0,5.0,122
635000.0,Tatuapé,2.0,1.0,79
330000.0,Parque Novo Mundo,2.0,1.0,73
690000.0,Parque Novo Mundo,3.0,2.0,87
525000.0,Mirandópolis,2.0,,65
550000.0,Moema,1.0,2.0,55
530000.0,Saúde,2.0,,55
650000.0,Consolação,1.0,1.0,52
500000.0,Ipiranga,2.0,2.0,63
171000.0,Socorro,1.0,1.0,27
314270.0,Socorro,3.0,2.0,53
241250.0,Socorro,2.0,2.0,42
892000.0,Belém,3.0,4.0,118
1020000.0,Pinheiros,2.0,2.0,86
384680.0,Cambuci,2.0,2.0,59
199000.0,Belém,1.0,1.0,24
314270.0,Socorro,3.0,2.0,53
241250.0,Socorro,2.0,2.0,42
892000.0,Belém,3.0,4.0,118
1020000.0,Pinheiros,2.0,2.0,86
384680.0,Cambuci,2.0,2.0,59
1557000.0,Brooklin,3.0,5.0,133
571200.0,Brooklin,2.0,1.0,60
2890000.0,Brooklin,3.0,4.0,
1480000.0,Brooklin,3.0,1.0,111
3620000.0,Brooklin,3.0,,240
480000.0,Brooklin,2.0,1.0,64
480000.0,Brooklin,2.0,1.0,64
1060000.0,Saúde,3.0,3.0,123
550000.0,Ipiranga,2.0,2.0,74
420000.0,Ipiranga,1.0,,45
540000.0,Ipiranga,2.0,,68
4000000.0,Moema,4.0,3.0,182
4192000.0,Moema,4.0,3.0,182
720000.0,Aclimação,1.0,2.0,68
560000.0,Aclimação,3.0,2.0,70
520000.0,Ipiranga,,2.0,65
520000.0,Ipiranga,,2.0,65
495000.0,Aclimação,1.0,1.0,40
495000.0,Aclimação,,1.0,40
590000.0,Aclimação,,1.0,76
590000.0,Aclimação,1.0,1.0,76
360000.0,Ipiranga,2.0,2.0,72
420000.0,Aclimação,1.0,1.0,58
1498000.0,Aclimação,3.0,5.0,160
650000.0,Aclimação,2.0,2.0,68
680000.0,Aclimação,2.0,2.0,68
399000.0,Ipiranga,3.0,1.0,65
870000.0,Ipiranga,4.0,5.0,108
499000.0,Aclimação,1.0,1.0,60
735000.0,Morumbi,2.0,2.0,80
345000.0,Morumbi,1.0,2.0,56
365000.0,Jaguaré,2.0,1.0,49
460000.0,Jaguaré,2.0,2.0,65
450000.0,Morumbi,3.0,3.0,76
580000.0,Morumbi,3.0,3.0,142
2800000.0,Pinheiros,3.0,4.0,157
1250000.0,Higienópolis,3.0,2.0,108
329000.0,Interlagos,3.0,2.0,75
2490000.0,Moema,3.0,4.0,156
658000.0,Santana,2.0,2.0,63
640000.0,Ipiranga,2.0,,78
490000.0,Saúde,1.0,2.0,60
1650000.0,Saúde,3.0,5.0,136
1270000.0,Moema,3.0,5.0,143
1490000.0,Saúde,3.0,5.0,136
1530000.0,Saúde,2.0,4.0,136
850000.0,Morumbi,4.0,7.0,299
6000000.0,Higienópolis,4.0,4.0,468
1950000.0,Consolação,3.0,4.0,237
650000.0,Sumaré,2.0,2.0,59
658000.0,Sumaré,2.0,2.0,61
846000.0,Jardins,2.0,4.0,80
1150000.0,Higienópolis,3.0,3.0,187
695000.0,Higienópolis,2.0,2.0,70
1150000.0,Moema,1.0,2.0,67
790000.0,Mooca,4.0,3.0,110
1689000.0,Ipiranga,4.0,4.0,170
690000.0,Pinheiros,2.0,2.0,59
1950000.0,Brooklin,4.0,4.0,181
385000.0,Higienópolis,1.0,1.0,33
488000.0,Tatuapé,3.0,2.0,73
820000.0,Moema,2.0,3.0,95
319000.0,Butantã,3.0,1.0,58
1250000.0,Butantã,3.0,4.0,150
1390000.0,Pinheiros,3.0,3.0,173
265000.0,Butantã,2.0,1.0,53
450000.0,Butantã,3.0,2.0,82
1600000.0,Higienópolis,3.0,4.0,141
2580000.0,Perdizes,4.0,,173
628000.0,Mirandópolis,2.0,2.0,75
550000.0,Indianópolis,3.0,1.0,90
985000.0,Mooca,2.0,2.0,144
400000.0,Santana,2.0,2.0,60
388000.0,Centro,2.0,1.0,47
2580000.0,Perdizes,4.0,,173
628000.0,Mirandópolis,2.0,2.0,75
550000.0,Indianópolis,3.0,1.0,90
985000.0,Mooca,2.0,2.0,144
400000.0,Santana,2.0,2.0,60
388000.0,Centro,2.0,1.0,47
448000.0,Santana,3.0,2.0,80
640000.0,Santana,2.0,2.0,88
636000.0,Moema,2.0,,60
2900000.0,Paraíso,3.0,5.0,200
850000.0,Saúde,2.0,3.0,82
530000.0,Brooklin,1.0,1.0,43
550000.0,Brooklin,2.0,2.0,57
2230000.0,Brooklin,3.0,5.0,165
680000.0,Paraíso,2.0,2.0,110
521000.0,Saúde,3.0,2.0,74
1910000.0,Higienópolis,3.0,2.0,186
800000.0,Brooklin,3.0,,93
790000.0,Morumbi,3.0,4.0,152
850000.0,Moema,2.0,2.0,80
950000.0,Pompéia,3.0,1.0,105
500000.0,Perdizes,2.0,1.0,100
1790000.0,Jardins,3.0,3.0,112
800000.0,Centro,2.0,2.0,110
850817.0,Moema,1.0,1.0,48
590000.0,Butantã,3.0,2.0,80
699000.0,Mooca,3.0,,89
960000.0,Mooca,3.0,,102
415000.0,Ipiranga,2.0,1.0,58
1250000.0,Tatuapé,3.0,3.0,135
593600.0,Tatuapé,3.0,2.0,64
429000.0,Parque Novo Mundo,2.0,2.0,59
545000.0,Higienópolis,1.0,1.0,52
781000.0,Perdizes,1.0,1.0,56
520000.0,Perdizes,1.0,1.0,42
1035000.0,Ipiranga,3.0,4.0,110
1050000.0,Pinheiros,2.0,1.0,90
22000000.0,Ibirapuera,4.0,7.0,617
2867000.0,Perdizes,3.0,2.0,314
1100000.0,Mooca,2.0,4.0,137
781000.0,Perdizes,1.0,1.0,56
520000.0,Perdizes,1.0,1.0,42
1035000.0,Ipiranga,3.0,4.0,110
1050000.0,Pinheiros,2.0,1.0,90
22000000.0,Ibirapuera,4.0,7.0,617
2867000.0,Perdizes,3.0,2.0,314
1100000.0,Mooca,2.0,4.0,137
670000.0,Mooca,3.0,2.0,75
670000.0,Mooca,3.0,2.0,89
800000.0,Perdizes,3.0,4.0,107
1780000.0,Perdizes,3.0,2.0,160
730000.0,Perdizes,2.0,2.0,75
1800000.0,Perdizes,4.0,3.0,192
4622186.0,Perdizes,4.0,4.0,266
815000.0,Perdizes,3.0,3.0,85
3700000.0,Higienópolis,3.0,5.0,385
550000.0,Pompéia,2.0,1.0,80
3800000.0,Higienópolis,4.0,5.0,399
1550000.0,Pinheiros,3.0,2.0,160
1100000.0,Pompéia,3.0,3.0,106
4000000.0,Itaim Bibi,3.0,3.0,200
2447000.0,Higienópolis,4.0,4.0,220
1200000.0,Consolação,2.0,2.0,155
1290000.0,Jardins,2.0,1.0,96
1100000.0,Itaim Bibi,2.0,2.0,105
617000.0,Brooklin,2.0,1.0,85
800000.0,Brooklin,1.0,1.0,68
950000.0,Brooklin,2.0,2.0,66
2350000.0,Perdizes,3.0,4.0,190
2000000.0,Perdizes,4.0,5.0,220
1350000.0,Brooklin,2.0,2.0,84
630000.0,Butantã,3.0,2.0,82
1700000.0,Panamby,4.0,6.0,261
450000.0,Morumbi,3.0,2.0,77
1150000.0,Perdizes,2.0,3.0,92
319500.0,Socorro,3.0,2.0,53
1200000.0,Jardins,2.0,1.0,64
380000.0,Jardins,1.0,1.0,38
950000.0,Pinheiros,2.0,2.0,94
1750000.0,Perdizes,3.0,5.0,200
450000.0,Morumbi,3.0,2.0,77
1150000.0,Perdizes,2.0,3.0,92
319500.0,Socorro,3.0,2.0,53
1200000.0,Jardins,2.0,1.0,64
380000.0,Jardins,1.0,1.0,38
950000.0,Pinheiros,2.0,2.0,94
1750000.0,Perdizes,3.0,5.0,200
340000.0,Limão,2.0,1.0,52
290000.0,Limão,2.0,1.0,60
430000.0,Mooca,2.0,2.0,63
580000.0,Jardins,1.0,1.0,42
657000.0,Jardins,1.0,1.0,44
765000.0,Moema,2.0,2.0,74
600000.0,Perdizes,2.0,2.0,85
500000.0,Perdizes,3.0,1.0,73
945400.0,Centro,2.0,2.0,77
691999.0,Morumbi,2.0,2.0,99
562000.0,Brooklin,2.0,1.0,54
706914.0,Aclimação,2.0,2.0,60
1064000.0,Lapa,3.0,2.0,100
660000.0,Pompéia,3.0,2.0,75
700000.0,Perdizes,3.0,2.0,68
660000.0,Perdizes,2.0,3.0,85
745000.0,Perdizes,3.0,2.0,76
638000.0,Lapa,3.0,2.0,76
370000.0,Lapa,2.0,1.0,52
680000.0,Lapa,2.0,2.0,72
1070000.0,Lapa,2.0,,100
399000.0,Lapa,2.0,2.0,54
1200000.0,Perdizes,3.0,,150
750000.0,Ipiranga,2.0,4.0,114
1100000.0,Santana,4.0,3.0,143
1600000.0,Moema,4.0,4.0,120
5750000.0,Moema,4.0,6.0,306
1350000.0,Moema,3.0,4.0,114
1000000.0,Moema,3.0,,145
360000.0,Butantã,2.0,1.0,56
2000000.0,Vila Madalena,2.0,5.0,250
275000.0,Butantã,2.0,1.0,54
305000.0,Socorro,3.0,2.0,53
396000.0,Mooca,3.0,3.0,59
150000.0,Tatuapé,1.0,1.0,28
675000.0,Ipiranga,1.0,1.0,68
520000.0,Aclimação,2.0,2.0,84
650000.0,Butantã,3.0,3.0,91
415000.0,Saúde,2.0,1.0,67
325000.0,Penha,2.0,1.0,50
360000.0,Saúde,2.0,1.0,57
560000.0,Saúde,3.0,2.0,74
480000.0,Perdizes,2.0,2.0,70
1265747.0,Ipiranga,4.0,2.0,140
581226.0,Aclimação,2.0,1.0,68
397568.0,Freguesia Do Ó,3.0,1.0,65
207000.0,Freguesia Do Ó,2.0,1.0,43
424000.0,Saúde,2.0,2.0,52
690000.0,Moema,3.0,3.0,105
865000.0,Tatuapé,3.0,3.0,125
590000.0,Moema,1.0,2.0,50
560000.0,Moema,2.0,1.0,75
565000.0,Aclimação,2.0,2.0,83
610000.0,Moema,2.0,2.0,58
15500000.0,Paraíso,4.0,5.0,540
590000.0,Indianópolis,2.0,1.0,58
241250.0,Socorro,2.0,2.0,42
320000.0,Socorro,2.0,1.0,50
171000.0,Socorro,1.0,1.0,27
690000.0,Mirandópolis,2.0,2.0,98
447000.0,Butantã,3.0,2.0,64
395000.0,Aclimação,2.0,1.0,45
670000.0,Aclimação,3.0,,84
420000.0,Aclimação,2.0,1.0,63
1640000.0,Brooklin,3.0,5.0,137
660000.0,Butantã,3.0,3.0,106
750000.0,Saúde,2.0,2.0,82
710000.0,Saúde,3.0,2.0,80
490000.0,Paraíso,1.0,1.0,57
313000.0,Jaguaré,2.0,2.0,55
366160.0,Jaguaré,2.0,2.0,63
297000.0,Pirituba,2.0,2.0,52
1150000.0,Paraíso,3.0,3.0,160
720000.0,Paraíso,2.0,2.0,86
1850000.0,Paraíso,3.0,4.0,264
1100000.0,Paraíso,3.0,3.0,110
1180000.0,Aclimação,2.0,2.0,74
1600000.0,Paraíso,4.0,4.0,230
2700000.0,Paraíso,4.0,4.0,305
2400000.0,Paraíso,3.0,5.0,220
1335985.0,Perdizes,3.0,,116
1554000.0,Brooklin,3.0,5.0,131
350000.0,Saúde,3.0,2.0,68
250000.0,Saúde,2.0,1.0,47
5200001.0,Ibirapuera,4.0,6.0,338
152000.0,Cursino,2.0,1.0,41
152000.0,Cursino,2.0,1.0,41
152000.0,Cursino,2.0,1.0,40
152000.0,Cursino,2.0,1.0,41
152000.0,Cursino,2.0,1.0,41
152000.0,Cursino,2.0,1.0,41
152000.0,Sacomã,2.0,1.0,41
152000.0,Saúde,2.0,1.0,40
480000.0,Brooklin,1.0,1.0,30
500000.0,Jardins,2.0,1.0,55
240000.0,Jardins,1.0,1.0,23
238000.0,Pinheiros,1.0,1.0,30
340000.0,Brooklin,1.0,1.0,30
222000.0,Pinheiros,1.0,1.0,29
420000.0,Jardins,1.0,1.0,45
350000.0,Moema,1.0,1.0,35
395000.0,Jardins,1.0,1.0,27
330000.0,Jardins,1.0,1.0,39
480000.0,Brooklin,1.0,1.0,31
250000.0,Jardins,1.0,1.0,33
300000.0,Higienópolis,1.0,1.0,32
235000.0,Santana,1.0,1.0,26
305000.0,Perdizes,1.0,1.0,30
249000.0,Jardins,1.0,1.0,30
255000.0,Paraíso,1.0,1.0,32
220000.0,Jardins,1.0,1.0,28
600000.0,Moema,2.0,1.0,45
305000.0,Jardins,1.0,1.0,27
300000.0,Higienópolis,1.0,1.0,32
235000.0,Santana,1.0,1.0,26
305000.0,Perdizes,1.0,1.0,30
249000.0,Jardins,1.0,1.0,30
255000.0,Paraíso,1.0,1.0,32
220000.0,Jardins,1.0,1.0,28
600000.0,Moema,2.0,1.0,45
305000.0,Jardins,1.0,1.0,27
1150000.0,Mooca,3.0,5.0,141
167900.0,Interlagos,1.0,,28
4870000.0,Higienópolis,4.0,6.0,321
6170800.0,Higienópolis,3.0,5.0,605
152000.0,Sacomã,2.0,1.0,41
620000.0,Mirandópolis,2.0,2.0,75
215000.0,Ipiranga,1.0,1.0,40
800000.0,Paraíso,3.0,3.0,130
500000.0,Tatuapé,3.0,3.0,68
1100000.0,Parque Novo Mundo,3.0,5.0,155
265000.0,Tatuapé,2.0,1.0,43
1250000.0,Parque Novo Mundo,3.0,5.0,155
680000.0,Mooca,3.0,2.0,92
1220000.0,Ipiranga,3.0,3.0,133
320000.0,Mooca,2.0,1.0,63
320000.0,Mooca,,1.0,63
485000.0,Interlagos,3.0,2.0,75
390000.0,Interlagos,2.0,2.0,57
520000.0,Interlagos,3.0,2.0,74
530000.0,Santana,2.0,2.0,60
1480000.0,Aclimação,3.0,4.0,134
1250000.0,Moema,3.0,4.0,112
365000.0,Higienópolis,1.0,1.0,39
171000.0,Socorro,2.0,2.0,27
1560000.0,Aclimação,3.0,4.0,141
970000.0,Ipiranga,3.0,,108
475000.0,Butantã,2.0,2.0,60
1400000.0,Moema,3.0,5.0,140
1850000.0,Higienópolis,3.0,2.0,268
1430000.0,Perdizes,3.0,5.0,140
960000.0,Sumaré,3.0,3.0,106
1290000.0,Lapa,3.0,3.0,133
1970000.0,Perdizes,3.0,5.0,157
1510000.0,Perdizes,3.0,5.0,150
1595000.0,Moema,4.0,5.0,230
160000.0,Itaquera,2.0,1.0,36
234899.0,Belém,1.0,1.0,38
1179900.0,Tatuapé,3.0,5.0,162
849900.0,Ipiranga,3.0,3.0,128
153900.0,Centro,2.0,1.0,40
254899.0,Belém,1.0,1.0,44
154899.0,Brás,1.0,,19
369900.0,Cambuci,2.0,1.0,59
468890.0,Cambuci,3.0,2.0,72
318900.0,Cambuci,2.0,1.0,46
849990.0,Ipiranga,3.0,3.0,128
429900.0,Mooca,3.0,2.0,73
237000.0,Brás,2.0,1.0,44
369000.0,Santana,2.0,2.0,60
335000.0,Centro,2.0,2.0,58
1300000.0,Panamby,3.0,4.0,182
696000.0,Saúde,3.0,1.0,72
318900.0,Cambuci,2.0,1.0,46
849990.0,Ipiranga,3.0,3.0,128
429900.0,Mooca,3.0,2.0,73
237000.0,Brás,2.0,1.0,44
369000.0,Santana,2.0,2.0,60
335000.0,Centro,2.0,2.0,58
1300000.0,Panamby,3.0,4.0,182
696000.0,Saúde,3.0,1.0,72
389000.0,Parque Novo Mundo,2.0,2.0,63
420000.0,Belém,2.0,2.0,58
308000.0,Parque Novo Mundo,2.0,1.0,54
360000.0,Tatuapé,3.0,1.0,63
2300000.0,Mooca,4.0,6.0,246
171000.0,Socorro,1.0,1.0,27
499999.0,Jaguaré,3.0,3.0,82
787212.0,Interlagos,3.0,3.0,132
1080000.0,Pinheiros,3.0,3.0,96
356000.0,Interlagos,2.0,1.0,60
459900.0,Campo Grande,3.0,2.0,80
1850000.0,Higienópolis,3.0,2.0,268
3015000.0,Moema,4.0,5.0,182
1190000.0,Santana,4.0,5.0,132
2370000.0,Brooklin,4.0,6.0,225
1629000.0,Brooklin,4.0,5.0,158
388000.0,Centro,,1.0,39
963000.0,Panamby,3.0,4.0,138
655000.0,Pompéia,2.0,2.0,69
1055000.0,Pinheiros,3.0,3.0,96
560000.0,Brooklin,1.0,2.0,59
1376000.0,Brooklin,3.0,5.0,132
507000.0,Panamby,2.0,3.0,77
1378000.0,Aclimação,4.0,5.0,134
430000.0,Centro,1.0,1.0,82
3019000.0,Moema,4.0,5.0,182
1050000.0,Pinheiros,3.0,3.0,96
505000.0,Panamby,2.0,3.0,77
2415052.0,Brooklin,4.0,6.0,225
1353052.0,Brooklin,3.0,5.0,131
443052.0,República,1.0,1.0,39
660052.0,Pompéia,2.0,2.0,69
1293000.0,Panamby,4.0,6.0,185
959052.0,Panamby,3.0,5.0,138
1185000.0,Santana,3.0,5.0,132
1399000.0,Brooklin,3.0,5.0,132
3020000.0,Moema,4.0,5.0,182
429000.0,Consolação,1.0,1.0,82
1180000.0,Santana,4.0,5.0,132
1049000.0,Pinheiros,3.0,3.0,96
507000.0,Panamby,2.0,3.0,77
2399052.0,Brooklin,4.0,6.0,225
1595052.0,Brooklin,4.0,5.0,158
442052.0,Centro,1.0,1.0,39
1395000.0,Brooklin,3.0,5.0,132
650052.0,Pompéia,2.0,2.0,69
1379000.0,Aclimação,3.0,5.0,134
446000.0,Limão,3.0,2.0,69
280000.0,Limão,2.0,1.0,47
630000.0,Limão,3.0,2.0,74
350000.0,Limão,2.0,1.0,49
660000.0,Ipiranga,3.0,,79
810000.0,Saúde,3.0,2.0,76
795000.0,Saúde,3.0,1.0,110
1180000.0,Saúde,3.0,2.0,99
950000.0,Saúde,3.0,2.0,149
750000.0,Paraíso,2.0,,83
1220000.0,Saúde,3.0,3.0,186
750000.0,Saúde,3.0,2.0,85
890000.0,Ipiranga,3.0,1.0,101
500000.0,Mandaqui,3.0,1.0,94
2900000.0,Moema,4.0,5.0,240
1985000.0,Paraíso,4.0,3.0,154
1800000.0,Paraíso,3.0,3.0,196
2900000.0,Higienópolis,4.0,5.0,399
7500000.0,Paraíso,4.0,6.0,662
1850000.0,Brooklin,4.0,5.0,168
1795000.0,Brooklin,4.0,3.0,223
2780000.0,Moema,4.0,4.0,226
2000000.0,Paraíso,4.0,4.0,190
2650000.0,Moema,4.0,4.0,270
575000.0,Paraíso,2.0,1.0,87
2900000.0,Higienópolis,4.0,5.0,399
7500000.0,Paraíso,4.0,6.0,662
1850000.0,Brooklin,4.0,5.0,168
1795000.0,Brooklin,4.0,3.0,223
2780000.0,Moema,4.0,4.0,226
2000000.0,Paraíso,4.0,4.0,190
2650000.0,Moema,4.0,4.0,270
575000.0,Paraíso,2.0,1.0,87
2880000.0,Higienópolis,4.0,5.0,276
300000.0,Moema,1.0,1.0,35
315000.0,Jardins,,1.0,29
1100000.0,Saúde,3.0,4.0,200
695000.0,Saúde,3.0,2.0,77
2000000.0,Saúde,4.0,7.0,291
290000.0,Jabaquara,2.0,1.0,50
745000.0,Saúde,2.0,2.0,64
330000.0,Perdizes,1.0,1.0,32
390000.0,Morumbi,3.0,2.0,64
230000.0,Morumbi,1.0,1.0,40
1550000.0,Panamby,4.0,5.0,200
260011.0,Jaçanã,2.0,1.0,45
1099011.0,Pinheiros,3.0,3.0,96
380012.0,Parque Novo Mundo,2.0,2.0,59
950011.0,Tatuapé,3.0,4.0,124
1185011.0,Tatuapé,3.0,5.0,164
450000.0,Pompéia,3.0,2.0,62
1350000.0,Moema,3.0,4.0,110
1400000.0,Morumbi,3.0,5.0,200
1300000.0,Morumbi,3.0,5.0,171
1070000.0,Mooca,,3.0,112
1688000.0,Brooklin,3.0,4.0,136
1573000.0,Tatuapé,4.0,4.0,192
1922000.0,Pinheiros,4.0,4.0,160
919000.0,Tatuapé,4.0,4.0,135
1677000.0,Ipiranga,4.0,5.0,170
2977000.0,Moema,4.0,5.0,172
783000.0,Ipiranga,3.0,2.0,85
770000.0,Tatuapé,3.0,3.0,102
235000.0,Jardins,1.0,1.0,23
450000.0,Pinheiros,1.0,1.0,43
305000.0,Tatuapé,2.0,1.0,58
1100000.0,Sumaré,3.0,3.0,106
2500000.0,Ipiranga,4.0,6.0,237
3680000000.0,Higienópolis,4.0,6.0,260
270000.0,Moema,1.0,1.0,27
310000.0,Moema,1.0,1.0,29
430000.0,Morumbi,4.0,4.0,177
375082.0,Socorro,,2.0,54
500000.0,Moema,1.0,1.0,50
320000.0,Pinheiros,1.0,,30
661000.0,Pinheiros,1.0,1.0,49
198000.0,Liberdade,2.0,,37
1125000.0,Pinheiros,3.0,1.0,95
375000.0,Jardins,1.0,1.0,48
600000.0,Interlagos,3.0,2.0,90
1380000.0,Cambuci,3.0,5.0,133
1270000.0,Aclimação,3.0,3.0,111
1377000.0,Moema,3.0,4.0,107
480000.0,Butantã,2.0,1.0,52
167900.0,Taipas,2.0,1.0,47
320000.0,Morumbi,2.0,2.0,56
2527000.0,Indianópolis,4.0,6.0,220
640000.0,Saúde,2.0,1.0,81
390000.0,Interlagos,3.0,2.0,65
450000.0,Morumbi,3.0,2.0,62
330000.0,Interlagos,2.0,2.0,55
1190000.0,Moema,3.0,3.0,120
370000.0,Jabaquara,3.0,2.0,75
2000000.0,Panamby,2.0,4.0,193
1350000000.0,Panamby,3.0,4.0,160
460000.0,Tatuapé,,2.0,61
320000.0,Limão,2.0,1.0,50
1410000.0,Perdizes,3.0,5.0,130
8000000.0,Paraíso,4.0,8.0,326
4500000.0,Paraíso,4.0,5.0,202
1300000.0,Moema,3.0,2.0,97
200000.0,Tatuapé,,1.0,56
1600000.0,Paraíso,3.0,4.0,191
660000.0,Butantã,3.0,2.0,89
210000.0,Interlagos,2.0,1.0,67
345000.0,Consolação,1.0,1.0,30
154000.0,Mooca,1.0,1.0,26
371000.0,Parque Novo Mundo,3.0,2.0,65
540000.0,Mooca,2.0,2.0,63
319000.0,Parque Novo Mundo,2.0,2.0,55
220000.0,Parque Novo Mundo,2.0,1.0,40
205800.0,Brás,2.0,1.0,44
480000.0,Pinheiros,2.0,1.0,50
520000.0,Saúde,2.0,2.0,62
2150000.0,Brooklin,4.0,5.0,205
1300000.0,Indianópolis,3.0,5.0,158
1918000.0,Indianópolis,3.0,4.0,158
630000.0,Butantã,3.0,2.0,80
679190.0,Mooca,3.0,2.0,85
1350000.0,Moema,2.0,3.0,110
790000.0,Mooca,3.0,3.0,87
320000.0,Moema,1.0,1.0,25
354000.0,Mooca,2.0,2.0,57
794000.0,Indianópolis,1.0,1.0,52
616288.0,Moema,1.0,1.0,40
203000.0,Mooca,2.0,1.0,34
1.0,Morumbi,2.0,1.0,70
1100000.0,Higienópolis,3.0,4.0,135
690000.0,Pinheiros,2.0,2.0,80
1030000.0,Pinheiros,3.0,2.0,96
320000.0,Pirituba,2.0,1.0,53
638000.0,Pirituba,3.0,2.0,85
980000.0,Pirituba,4.0,2.0,130
205000.0,Pirituba,2.0,1.0,62
215000.0,Pirituba,2.0,1.0,65
320000.0,Pirituba,2.0,1.0,57
960000.0,Pirituba,3.0,2.0,131
535000.0,Pirituba,3.0,2.0,69
195000.0,Pirituba,2.0,1.0,57
2350000.0,Pinheiros,3.0,5.0,150
1050000.0,Moema,3.0,3.0,100
149745.0,Tatuapé,2.0,,78
199000.0,Morumbi,2.0,1.0,40
690000.0,Saúde,2.0,2.0,60
1440000.0,Morumbi,4.0,5.0,200
1980000.0,Brooklin,3.0,5.0,178
935000.0,Ipiranga,3.0,,102
1250000.0,Paraíso,3.0,3.0,113
2435000.0,Ipiranga,3.0,2.0,84
356200.0,Interlagos,2.0,2.0,60
534500.0,Campo Grande,3.0,2.0,80
799000.0,Perdizes,3.0,3.0,124
787000.0,Perdizes,2.0,2.0,79
1042922.0,Pompéia,3.0,3.0,107
579900.0,Jabaquara,3.0,2.0,88
629900.0,Jabaquara,3.0,2.0,91
1187000.0,Panamby,3.0,5.0,143
780000.0,Brooklin,2.0,2.0,68
4049000.0,Brooklin,4.0,2.0,225
1490000.0,Panamby,2.0,3.0,142
1291000.0,Perdizes,4.0,3.0,315
390000.0,Centro,1.0,1.0,47
1100000.0,Pinheiros,1.0,2.0,73
359000.0,Butantã,3.0,1.0,65
380000.0,Jardins,1.0,1.0,45
530000.0,Jardins,1.0,1.0,40
330000.0,Jardins,1.0,1.0,32
640000.0,Jardins,1.0,1.0,40
540000.0,Jardins,1.0,1.0,45
190000.0,Itaquera,3.0,1.0,65
480000.0,Tatuapé,2.0,2.0,59
1100000.0,Perdizes,3.0,3.0,140
1800000.0,Pinheiros,3.0,4.0,170
585000.0,Limão,3.0,2.0,78
405000.0,Limão,3.0,2.0,66
280000.0,Limão,2.0,1.0,44
315000.0,Limão,2.0,1.0,49
700000.0,Brooklin,3.0,2.0,93
1130000.0,Aclimação,3.0,3.0,111
430000.0,Ipiranga,2.0,2.0,63
410000.0,Mooca,2.0,1.0,70
1089000.0,Aclimação,2.0,3.0,76
980000.0,Pinheiros,1.0,2.0,125
350000.0,Cangaíba,3.0,1.0,70
1450000.0,Consolação,3.0,2.0,190
2500000.0,Higienópolis,3.0,4.0,305
135000.0,Centro,,1.0,30
880000.0,Paraíso,1.0,1.0,83
583200.0,Sumaré,2.0,2.0,64
203000.0,Mooca,2.0,1.0,36
1200000.0,Moema,3.0,2.0,115
265000.0,Butantã,2.0,1.0,65
1480000.0,Aclimação,3.0,5.0,141
550000.0,Cambuci,3.0,1.0,70
1080000.0,Consolação,3.0,3.0,148
900000.0,Brooklin,2.0,2.0,64
235000.0,Morumbi,1.0,1.0,44
1800000.0,Perdizes,3.0,4.0,220
770000.0,Perdizes,2.0,,81
760000.0,Perdizes,2.0,1.0,67
700000.0,Perdizes,2.0,2.0,73
750000.0,Perdizes,2.0,2.0,75
780000.0,Perdizes,2.0,2.0,81
660000.0,Perdizes,2.0,1.0,69
1100000.0,Higienópolis,3.0,2.0,104
2800000.0,Higienópolis,3.0,1.0,200
3000000.0,Jardins,4.0,6.0,205
2378000.0,Aclimação,4.0,5.0,208
377580.0,Sacomã,,,82
132211.0,Itaquera,2.0,1.0,42
780578.0,Santana,3.0,4.0,231
362656.0,Ipiranga,,,95
365000.0,Pinheiros,1.0,1.0,27
330000.0,Brooklin,1.0,1.0,26
370000.0,Perdizes,1.0,1.0,31
260000.0,Moema,1.0,1.0,30
365000.0,Ipiranga,2.0,1.0,48
480000.0,Sacomã,3.0,2.0,78
1038500.0,Indianópolis,3.0,5.0,150
447100.0,Pinheiros,1.0,1.0,35
1493450.0,Perdizes,3.0,4.0,116
910000.0,Perdizes,2.0,3.0,82
2840000.0,Perdizes,3.0,5.0,314
3690000.0,Moema,4.0,4.0,214
2840000.0,Perdizes,1.0,5.0,314
447100.0,Pinheiros,1.0,1.0,34
910000.0,Perdizes,2.0,3.0,82
363000.0,Pinheiros,1.0,1.0,30
845000.0,Ipiranga,2.0,2.0,68
235000.0,Morumbi,1.0,1.0,35
1600000.0,Panamby,3.0,5.0,187
203000.0,Mooca,2.0,1.0,36
630000.0,Saúde,2.0,,81
1780000.0,Moema,3.0,4.0,115
393899.0,Tatuapé,2.0,2.0,60
429900.0,Tatuapé,3.0,2.0,70
260000.0,Morumbi,2.0,1.0,45
685000.0,Morumbi,2.0,3.0,109
460000.0,Saúde,2.0,1.0,56
680000.0,Mooca,3.0,2.0,80
394000.0,Pinheiros,2.0,1.0,30
873000.0,Pinheiros,2.0,2.0,68
390000.0,Brás,2.0,2.0,70
550000.0,Panamby,4.0,5.0,141
750000.0,Perdizes,2.0,2.0,80
1910000.0,Jardins,2.0,2.0,100
4500000.0,Pinheiros,4.0,6.0,332
2660000.0,Perdizes,3.0,5.0,235
581000.0,Saúde,2.0,2.0,58
2150000.0,Moema,3.0,4.0,126
480000.0,Saúde,2.0,2.0,62
265000.0,Limão,2.0,1.0,40
1400000.0,Perdizes,3.0,5.0,152
1383000.0,Indianópolis,4.0,6.0,155
1755000.0,Pinheiros,2.0,2.0,88
199990.0,Interlagos,1.0,1.0,38
1050000.0,Perdizes,3.0,4.0,140
320000.0,Perdizes,1.0,1.0,24
750000.0,Pompéia,3.0,2.0,77
750000.0,Brooklin,3.0,3.0,85
328000.0,Mooca,2.0,1.0,55
851000.0,Perdizes,3.0,2.0,94
630000.0,Pinheiros,2.0,2.0,71
450000.0,Pinheiros,1.0,1.0,57
1070000.0,Pompéia,3.0,3.0,120
380000.0,Moema,1.0,1.0,55
380000.0,República,1.0,1.0,40
300000.0,Jardins,1.0,1.0,23
225000.0,Liberdade,1.0,1.0,28
375000.0,Saúde,2.0,1.0,50
320000.0,Ipiranga,,2.0,45
220000.0,Pinheiros,1.0,1.0,29
190114.0,Centro,1.0,1.0,25
342000.0,Pinheiros,1.0,1.0,24
2945000.0,Moema,4.0,5.0,280
2945000.0,Moema,4.0,5.0,281
3000000.0,Higienópolis,4.0,,260
339900.0,Cambuci,2.0,2.0,59
305900.0,Cambuci,2.0,1.0,47
185001.0,Cangaíba,2.0,1.0,48
880000.0,Tatuapé,3.0,4.0,123
2500000.0,Paraíso,4.0,6.0,380
565000.0,Lapa,2.0,2.0,61
477000.0,Perdizes,2.0,2.0,115
990000.0,Perdizes,2.0,3.0,86
685550.0,Santana,3.0,2.0,117
300000.0,Brooklin,1.0,1.0,32
440000.0,Consolação,1.0,1.0,32
195000.0,República,1.0,1.0,36
580000.0,Saúde,2.0,1.0,66
222560.0,Perdizes,1.0,1.0,17
375000.0,Cursino,3.0,2.0,65
489065.0,Consolação,1.0,1.0,41
484855.0,Centro,2.0,2.0,64
702620.0,Moema,2.0,2.0,76
203000.0,Mooca,2.0,1.0,34
909857.0,Pinheiros,1.0,2.0,63
708000.0,Saúde,2.0,2.0,57
330000.0,Belém,2.0,1.0,55
365000.0,Parque Novo Mundo,3.0,1.0,65
332000.0,Belém,2.0,1.0,55
319000.0,Belém,2.0,1.0,56
214700.0,Brás,2.0,1.0,44
203000.0,Mooca,2.0,1.0,34
920000.0,Paraíso,3.0,2.0,123
1320000.0,Moema,3.0,4.0,110
2650000.0,Moema,3.0,4.0,156
395000.0,Limão,3.0,2.0,63
960000.0,Brooklin,3.0,3.0,83
370000.0,Conceição,1.0,1.0,45
480000.0,Campo Grande,3.0,2.0,89
280000.0,Mooca,2.0,1.0,72
7980000.0,Higienópolis,4.0,6.0,500
458000.0,Conceição,1.0,1.0,45
1120000.0,Morumbi,4.0,5.0,141
640000.0,Ipiranga,3.0,3.0,86
678000.0,Ipiranga,3.0,3.0,91
212000.0,Morumbi,2.0,1.0,40
212000.0,Morumbi,2.0,1.0,40
212000.0,Morumbi,2.0,1.0,40
212000.0,Morumbi,2.0,1.0,40
212000.0,Morumbi,2.0,1.0,40
212000.0,Morumbi,2.0,1.0,40
212000.0,Morumbi,2.0,1.0,40
212000.0,Morumbi,2.0,1.0,40
212000.0,Morumbi,2.0,1.0,40
350000.0,Mandaqui,2.0,1.0,50
1500000.0,Santana,3.0,5.0,180
691500.0,Santana,3.0,4.0,90
200000.0,Pinheiros,1.0,1.0,26
460000.0,Brooklin,1.0,1.0,30
819000.0,Higienópolis,2.0,2.0,83
369900.0,Belém,3.0,2.0,65
2978000.0,Brooklin,4.0,5.0,258
1802000.0,Consolação,3.0,3.0,123
2148000.0,Paraíso,5.0,5.0,145
2052000.0,Moema,2.0,3.0,115
2300000.0,Moema,3.0,5.0,210
2978000.0,Brooklin,4.0,5.0,258
2052000.0,Moema,2.0,3.0,115
3200000.0,Moema,3.0,5.0,189
5998000.0,Higienópolis,4.0,5.0,400
1300000.0,Pinheiros,3.0,3.0,93
1050000.0,Consolação,3.0,3.0,106
212000.0,Morumbi,2.0,1.0,40
212000.0,Morumbi,2.0,1.0,40
212000.0,Morumbi,2.0,1.0,40
212000.0,Morumbi,2.0,1.0,40
212000.0,Morumbi,2.0,1.0,40
212000.0,Morumbi,2.0,1.0,40
212000.0,Morumbi,2.0,1.0,40
212000.0,Morumbi,2.0,1.0,40
212000.0,Morumbi,2.0,1.0,40
212000.0,Morumbi,2.0,1.0,40
212000.0,Morumbi,2.0,1.0,40
212000.0,Morumbi,2.0,1.0,40
212000.0,Morumbi,2.0,1.0,40
212000.0,Morumbi,2.0,1.0,40
212000.0,Morumbi,2.0,1.0,40
724500.0,Ipiranga,2.0,2.0,70
348000.0,Saúde,1.0,1.0,41
400000.0,Jardins,1.0,1.0,45
230000.0,Consolação,1.0,1.0,28
351000.0,Tatuapé,3.0,2.0,84
262000.0,Morumbi,1.0,1.0,38
1330000.0,Brooklin,3.0,5.0,132
645000.0,Panamby,1.0,2.0,84
795000.0,Panamby,1.0,3.0,104
1680000.0,Brooklin,2.0,2.0,165
980000.0,Perdizes,3.0,3.0,96
330000.0,Centro,2.0,1.0,43
3820000.0,Moema,3.0,5.0,190
3750000.0,Moema,4.0,6.0,250
2450000.0,Perdizes,3.0,3.0,248
1780000.0,Brooklin,4.0,5.0,172
1630000.0,Moema,4.0,4.0,154
295000.0,Consolação,1.0,1.0,22
318900.0,Belém,2.0,2.0,55
879900.0,Ipiranga,3.0,2.0,85
989899.0,Ipiranga,3.0,2.0,145
212000.0,Morumbi,2.0,1.0,40
235000.0,Morumbi,1.0,1.0,35
450000.0,Pompéia,2.0,,60
370000.0,Moema,1.0,1.0,36
380000.0,Jardins,1.0,1.0,35
150000.0,Tatuapé,1.0,1.0,28
400000.0,Pinheiros,1.0,1.0,32
420000.0,Aclimação,1.0,1.0,34
415000.0,Aclimação,1.0,1.0,34
350000.0,Butantã,2.0,2.0,60
390.0,Butantã,2.0,2.0,60
1590000.0,Tatuapé,3.0,5.0,162
379000.0,Belém,3.0,2.0,65
350000.0,Tatuapé,2.0,1.0,45
206632.0,Consolação,1.0,1.0,23
720000.0,Perdizes,3.0,3.0,83
2150000.0,Brooklin,4.0,5.0,205
1260000.0,Perdizes,4.0,5.0,154
725000.0,Perdizes,2.0,3.0,75
1500000.0,Pinheiros,3.0,3.0,147
560000.0,Lapa,2.0,2.0,66
930000.0,Perdizes,3.0,3.0,110
745000.0,Pinheiros,2.0,2.0,85
1012000.0,Pompéia,3.0,2.0,75
750000.0,Higienópolis,2.0,2.0,106
2400000.0,Perdizes,4.0,1.0,263
1800000.0,Sumaré,3.0,5.0,158
650000.0,Pinheiros,2.0,1.0,55
2475000.0,Sumaré,3.0,5.0,265
1375000.0,Pinheiros,2.0,3.0,168
585000.0,Perdizes,2.0,2.0,69
530000.0,Perdizes,2.0,2.0,79
890000.0,Pompéia,3.0,3.0,108
960000.0,Lapa,3.0,3.0,94
600000.0,Pinheiros,2.0,1.0,83
780000.0,Higienópolis,3.0,3.0,130
1150000.0,Perdizes,4.0,4.0,132
860000.0,Perdizes,2.0,2.0,80
990000.0,Pinheiros,2.0,2.0,95
520000.0,Pinheiros,1.0,1.0,50
530000.0,Pinheiros,2.0,1.0,57
640000.0,Perdizes,3.0,3.0,105
780000.0,Pompéia,3.0,2.0,76
636000.0,Pompéia,3.0,2.0,73
1030000.0,Sumaré,2.0,2.0,110
750000.0,Perdizes,3.0,3.0,69
1550000.0,Perdizes,3.0,3.0,193
950000.0,Sumaré,3.0,2.0,112
1750000.0,Higienópolis,3.0,3.0,280
530000.0,Perdizes,2.0,1.0,68
900000.0,Pinheiros,3.0,3.0,83
1375000.0,Pinheiros,2.0,3.0,168
650000.0,Higienópolis,2.0,2.0,97
640000.0,Perdizes,2.0,3.0,88
765000.0,Pompéia,3.0,3.0,84
550000.0,Pompéia,3.0,1.0,111
700000.0,Perdizes,3.0,3.0,108
1370400.0,Pinheiros,2.0,1.0,100
900000.0,Higienópolis,3.0,3.0,150
740000.0,Pinheiros,2.0,2.0,77
670000.0,Sumaré,3.0,2.0,99
510000.0,Perdizes,1.0,1.0,45
640000.0,Pompéia,3.0,2.0,74
782000.0,Pinheiros,2.0,2.0,79
740000.0,Pinheiros,1.0,2.0,78
1250000.0,Pinheiros,3.0,2.0,155
1800000.0,Pinheiros,4.0,4.0,120
580000.0,Pinheiros,1.0,1.0,41
890000.0,Pompéia,3.0,3.0,86
740000.0,Perdizes,3.0,2.0,77
530000.0,Pompéia,2.0,2.0,65
780000.0,Pinheiros,1.0,2.0,61
745000.0,Perdizes,3.0,2.0,119
800000.0,Higienópolis,2.0,2.0,96
830000.0,Sumaré,3.0,2.0,127
2000000.0,Perdizes,3.0,4.0,242
680000.0,Sumaré,2.0,1.0,95
750000.0,Higienópolis,3.0,3.0,129
700000.0,Pinheiros,2.0,2.0,83
987000.0,Pompéia,3.0,3.0,90
780000.0,Higienópolis,2.0,2.0,95
1800000.0,Perdizes,3.0,1.0,198
740000.0,Pompéia,3.0,3.0,87
1190000.0,Perdizes,4.0,3.0,113
500000.0,Pompéia,2.0,1.0,63
810000.0,Higienópolis,3.0,1.0,78
780000.0,Perdizes,3.0,2.0,110
1600000.0,Pinheiros,3.0,3.0,110
2500000.0,Lapa,3.0,4.0,197
1200000.0,Higienópolis,3.0,2.0,138
580000.0,Pompéia,3.0,3.0,64
550000.0,Pinheiros,2.0,2.0,58
960000.0,Lapa,3.0,3.0,220
2200000.0,Pinheiros,4.0,5.0,189
750000.0,Pompéia,3.0,3.0,87
1900000.0,Pinheiros,3.0,4.0,136
750000.0,Sumaré,3.0,2.0,84
2200000.0,Perdizes,4.0,3.0,156
650000.0,Perdizes,2.0,2.0,79
600000.0,Pinheiros,2.0,2.0,65
520000.0,Pinheiros,2.0,1.0,78
500000.0,Perdizes,2.0,1.0,85
883000.0,Pinheiros,2.0,2.0,92
590000.0,Sumaré,2.0,2.0,86
1000000.0,Perdizes,3.0,3.0,131
770000.0,Pinheiros,1.0,2.0,45
850000.0,Pinheiros,2.0,2.0,70
1300000.0,Higienópolis,3.0,4.0,167
690000.0,Perdizes,1.0,2.0,74
900000.0,Higienópolis,3.0,2.0,95
565000.0,Pinheiros,1.0,1.0,39
1120000.0,Higienópolis,3.0,2.0,140
17500000.0,Ibirapuera,4.0,6.0,632
1238000.0,Saúde,3.0,5.0,127
990000.0,Paraíso,2.0,2.0,108
1800000.0,Moema,3.0,4.0,155
3500000.0,Moema,2.0,4.0,248
4100000.0,Higienópolis,4.0,3.0,370
1300000.0,Perdizes,4.0,3.0,117
370000.0,Butantã,2.0,2.0,64
4990000.0,Higienópolis,4.0,5.0,395
850000.0,Imirim,2.0,3.0,110
422000.0,Moema,1.0,1.0,27
300000.0,Brooklin,1.0,1.0,35
430000.0,Jardins,1.0,1.0,32
236000.0,Itaquera,2.0,1.0,47
1300000.0,Higienópolis,3.0,3.0,109
2199000.0,Higienópolis,4.0,4.0,270
400000.0,Consolação,1.0,1.0,49
699900.0,Perdizes,2.0,2.0,120
1750000.0,Pompéia,3.0,4.0,241
930000.0,Pompéia,2.0,2.0,130
745000.0,Perdizes,3.0,2.0,77
750000.0,Higienópolis,3.0,2.0,95
895000.0,Consolação,2.0,2.0,63
750000.0,Tatuapé,2.0,3.0,89
3150000.0,Brooklin,4.0,4.0,210
3150000.0,Brooklin,4.0,5.0,210
3600000.0,Brooklin,3.0,5.0,240
1900000.0,Moema,3.0,3.0,150
1950000.0,Brooklin,3.0,4.0,175
385000.0,Jaguaré,3.0,2.0,70
695000.0,Perdizes,2.0,3.0,85
200000.0,Santana,1.0,1.0,32
410000.0,Ipiranga,1.0,1.0,41
220000.0,Moema,1.0,1.0,29
420000.0,Brooklin,1.0,1.0,44
527000.0,Mooca,2.0,2.0,70
690000.0,Tatuapé,3.0,2.0,93
795000.0,Tatuapé,3.0,3.0,106
1150000.0,Tatuapé,3.0,4.0,127
810000.0,Tatuapé,3.0,2.0,106
1620000.0,Tatuapé,4.0,2.0,162
360000.0,Tatuapé,3.0,1.0,66
798000.0,Vila Madalena,2.0,2.0,84
960000.0,Sumaré,2.0,2.0,105
2499900.0,Moema,3.0,5.0,175
1856600.0,Moema,3.0,4.0,146
375000.0,Tatuapé,3.0,2.0,64
2350000.0,Brooklin,3.0,5.0,234
6500000.0,Moema,3.0,6.0,306
550000.0,Saúde,2.0,2.0,55
670000.0,Ipiranga,2.0,2.0,68
1420000.0,Cambuci,3.0,5.0,133
1900000.0,Higienópolis,4.0,2.0,250
2050000.0,Aclimação,3.0,5.0,170
1950000.0,Paraíso,3.0,3.0,173
2150000.0,Lapa,3.0,5.0,185
3500000.0,Brooklin,4.0,6.0,239
2650000.0,Moema,2.0,4.0,173
2690000.0,Moema,2.0,4.0,162
3600000.0,Higienópolis,3.0,4.0,213
3500000.0,Higienópolis,4.0,3.0,202
5637000.0,Pinheiros,4.0,6.0,332
1599007.0,Pinheiros,2.0,4.0,110
1447000.0,Pinheiros,3.0,3.0,118
345000.0,Jabaquara,2.0,1.0,55
398899.0,Lapa,2.0,,55
312899.0,Cambuci,2.0,1.0,49
310000.0,Moema,1.0,1.0,35
350000.0,Moema,1.0,1.0,40
260000.0,Moema,1.0,1.0,32
250000.0,Moema,1.0,1.0,29
320000.0,Moema,1.0,1.0,29
325000.0,Moema,1.0,1.0,35
480000.0,Moema,1.0,1.0,37
510000.0,Moema,1.0,1.0,52
320000.0,Moema,1.0,1.0,35
450000.0,Moema,1.0,1.0,37
1165000.0,Moema,3.0,2.0,120
510000.0,Moema,2.0,1.0,45
200000.0,Moema,1.0,1.0,30
290000.0,Moema,1.0,1.0,30
350000.0,Moema,1.0,1.0,35
560000.0,Moema,1.0,1.0,42
230000.0,Moema,1.0,1.0,32
305000.0,Moema,1.0,1.0,37
380000.0,Moema,1.0,1.0,37
380000.0,Moema,1.0,1.0,37
559000.0,Pinheiros,1.0,2.0,36
310000.0,Higienópolis,1.0,1.0,32
590000.0,Mooca,2.0,1.0,68
395000.0,Tatuapé,2.0,2.0,60
547000.0,Tatuapé,3.0,2.0,70
380000000.0,Imirim,2.0,1.0,53
520000.0,Aclimação,,1.0,40
354000.0,Pinheiros,1.0,1.0,24
550000.0,Perdizes,2.0,2.0,81
850000.0,Perdizes,3.0,,105
399000.0,Parque Novo Mundo,2.0,2.0,59
785000.0,Penha,3.0,2.0,89
749000.0,Panamby,2.0,3.0,104
540000.0,Itaim Bibi,1.0,1.0,29
220000.0,Santana,1.0,1.0,26
265000.0,Moema,1.0,1.0,27
445000.0,Jardins,1.0,1.0,29
979000000.0,Morumbi,4.0,4.0,315
2400000.0,Moema,2.0,2.0,182
948900.0,Panamby,4.0,5.0,141
255000.0,Brás,2.0,1.0,48
298900.0,Morumbi,3.0,2.0,70
330000.0,Centro,2.0,1.0,45
911240.0,Lapa,3.0,3.0,104
987705.0,Moema,2.0,2.0,71
451563.0,Penha,3.0,2.0,72
1090000.0,Moema,3.0,3.0,105
1780000.0,Jardins,2.0,2.0,123
715610.0,Consolação,2.0,2.0,66
250000.0,Perdizes,1.0,1.0,29
318000.0,Consolação,1.0,1.0,40
264900.0,Morumbi,2.0,1.0,50
240000.0,Moema,1.0,1.0,33
684000.0,Moema,2.0,2.0,62
255000.0,Paraíso,1.0,1.0,30
650000.0,Jardins,1.0,1.0,40
485000.0,Brás,3.0,2.0,65
598900.0,Morumbi,3.0,3.0,88
278900.0,Morumbi,3.0,2.0,64
369890.0,Mooca,2.0,2.0,64
2652949.0,Indianópolis,2.0,3.0,345
480000.0,Aclimação,2.0,1.0,51
440000.0,Jardins,1.0,1.0,40
1290000.0,Paraíso,3.0,3.0,127
3150000.0,Brooklin,4.0,5.0,210
350000.0,Consolação,1.0,1.0,48
930000.0,Consolação,3.0,2.0,120
2749999.0,Higienópolis,3.0,3.0,249
250000.0,Jardins,1.0,1.0,33
840000.0,Moema,2.0,1.0,65
800000.0,Aclimação,2.0,2.0,74
3700000.0,Perdizes,4.0,6.0,266
355000.0,Centro,2.0,1.0,47
480000.0,Interlagos,3.0,2.0,72
463500.0,Indianópolis,2.0,1.0,60
1080000.0,Mirandópolis,3.0,3.0,95
950000.0,Ipiranga,4.0,3.0,154
1250000.0,Higienópolis,3.0,2.0,108
1595000.0,Brooklin,3.0,5.0,147
650000.0,Brooklin,3.0,2.0,80
423470.0,Morumbi,3.0,2.0,70
1850000.0,Brooklin,3.0,5.0,147
1760000.0,Brooklin,3.0,5.0,147
1390000.0,Brooklin,3.0,4.0,124
1250000.0,Brooklin,3.0,3.0,115
1690000.0,Jardins,3.0,2.0,132
364000.0,Pinheiros,,1.0,30
690000.0,Vila Madalena,1.0,2.0,60
1650000.0,Perdizes,4.0,5.0,161
1390000.0,Perdizes,4.0,4.0,125
3100000.0,Perdizes,4.0,6.0,224
375000.0,Moema,1.0,1.0,37
165000.0,Santana,1.0,1.0,32
2499000.0,Moema,3.0,5.0,175
6400000.0,Pinheiros,4.0,4.0,332
2849000.0,Moema,4.0,3.0,172
553900.0,Liberdade,2.0,2.0,65
393000.0,Pinheiros,1.0,1.0,35
357700.0,Pinheiros,1.0,1.0,30
604000.0,Pinheiros,1.0,1.0,49
486000.0,Pinheiros,1.0,1.0,39
1300000.0,Tatuapé,5.0,6.0,290
3122000.0,Moema,4.0,6.0,182
1600000.0,Ipiranga,4.0,4.0,170
980000.0,Ipiranga,3.0,5.0,224
700000.0,Saúde,2.0,3.0,80
1320000.0,Mooca,4.0,5.0,178
540123.0,Tatuapé,2.0,,67
749334.0,Tatuapé,3.0,3.0,102
823000.0,Ipiranga,3.0,3.0,84
450000.0,Brooklin,1.0,1.0,36
423000.0,Higienópolis,1.0,1.0,39
165000.0,Santana,1.0,1.0,50
250000.0,Jardins,1.0,,30
365000.0,Pinheiros,1.0,1.0,30
2970000.0,Moema,4.0,5.0,182
280000.0,Sacomã,2.0,1.0,50
350000.0,Pinheiros,1.0,1.0,30
950000.0,Mooca,3.0,4.0,109
950000.0,Mooca,3.0,2.0,112
600000.0,Higienópolis,2.0,1.0,40
200000.0,Santana,1.0,1.0,32
225000.0,Moema,1.0,1.0,26
300000.0,Jardins,1.0,1.0,33
510000.0,Moema,1.0,1.0,55
349000.0,Mooca,2.0,2.0,64
399000.0,Mooca,3.0,2.0,73
1149000.0,Perdizes,3.0,5.0,159
1790000.0,Santana,3.0,5.0,182
782000.0,Pinheiros,2.0,2.0,60
1615000.0,Pinheiros,3.0,4.0,140
701000.0,Pacaembu,1.0,2.0,72
388000.0,República,1.0,1.0,39
290000.0,República,1.0,1.0,20
900000.0,Perdizes,3.0,2.0,130
800000.0,Pinheiros,3.0,3.0,98
1170000.0,Pinheiros,3.0,1.0,104
215000.0,Liberdade,2.0,1.0,45
606000.0,Saúde,2.0,2.0,56
470000.0,Morumbi,2.0,2.0,75
290000.0,Brás,2.0,1.0,50
456000.0,Ipiranga,2.0,2.0,60
1500000.0,Perdizes,3.0,3.0,205
415000.0,República,2.0,1.0,48
795000.0,Ipiranga,2.0,2.0,94
320000.0,Consolação,2.0,1.0,45
540000.0,Ipiranga,2.0,2.0,77
710000.0,Ipiranga,3.0,2.0,137
900000.0,Ipiranga,3.0,3.0,103
798000.0,Ipiranga,3.0,3.0,103
1150000.0,Indianópolis,3.0,4.0,102
1250000.0,Ipiranga,4.0,2.0,200
320000.0,Limão,2.0,1.0,49
320000.0,Limão,2.0,1.0,47
220000.0,Morumbi,2.0,1.0,58
1350000.0,Brooklin,2.0,3.0,83
1050000.0,Santana,3.0,5.0,257
640000.0,Brooklin,1.0,1.0,57
2750000.0,Brooklin,4.0,5.0,225
2400000.0,Brooklin,4.0,6.0,234
2100000.0,Brooklin,4.0,5.0,210
260000.0,Moema,1.0,1.0,27
430000.0,Consolação,1.0,1.0,32
165000.0,Santana,1.0,1.0,32
325000.0,Jardins,1.0,1.0,32
1800000.0,Alto de Pinheiros,3.0,4.0,170
2000000.0,Paraíso,4.0,2.0,205
770000.0,Consolação,1.0,1.0,52
2900000.0,Paraíso,4.0,4.0,210
650000.0,Mooca,3.0,,85
385000.0,Interlagos,3.0,2.0,72
590000.0,Perdizes,2.0,1.0,90
1200000.0,Consolação,3.0,2.0,120
1200000.0,Consolação,3.0,2.0,120
230000.0,Pirituba,2.0,1.0,50
800000.0,República,2.0,,100
530000.0,Brooklin,2.0,1.0,54
200000.0,Centro,1.0,1.0,32
213000.0,Aclimação,1.0,1.0,30
700000.0,Higienópolis,3.0,3.0,148
470000.0,Moema,2.0,1.0,76
650000.0,Brooklin,3.0,3.0,97
366000.0,Vila Madalena,,1.0,25
456000.0,Ipiranga,2.0,2.0,63
2600000.0,Paraíso,2.0,3.0,164
153640.0,Butantã,2.0,1.0,40
335000.0,Jabaquara,2.0,1.0,54
426000.0,Brás,2.0,2.0,57
460000.0,Centro,2.0,2.0,76
179000.0,Brás,,1.0,27
280000.0,Jaguaré,2.0,1.0,47
350000.0,Saúde,3.0,1.0,66
179000.0,Brás,1.0,1.0,27
250000.0,Cursino,2.0,1.0,56
285000.0,Jardins,1.0,1.0,28
320000.0,Tatuapé,2.0,1.0,49
1795000.0,Tatuapé,3.0,5.0,257
199000.0,Sacomã,2.0,1.0,52
420000.0,Saúde,2.0,1.0,55
430000.0,Pinheiros,1.0,1.0,30
5000000.0,Higienópolis,5.0,7.0,580
450000.0,Pinheiros,1.0,1.0,43
290000.0,Moema,1.0,1.0,36
225000.0,Moema,1.0,1.0,26
300000.0,Moema,1.0,1.0,33
370000.0,Moema,1.0,1.0,36
1780000.0,Jardins,2.0,3.0,66
820000.0,Pompéia,3.0,3.0,103
184900.0,Cambuci,2.0,1.0,41
149900.0,Itaquera,2.0,1.0,41
370000.0,Jaguaré,3.0,2.0,78
788000.0,Ipiranga,3.0,2.0,82
2500000.0,Moema,3.0,3.0,250
2450000.0,Pinheiros,3.0,5.0,150
2800000.0,Pinheiros,4.0,6.0,250
849000.0,Butantã,3.0,3.0,105
560000.0,Saúde,2.0,2.0,60
499997.0,Morumbi,2.0,3.0,79
330000.0,Socorro,2.0,1.0,50
280000.0,Itaquera,2.0,1.0,51
640000.0,Mooca,,2.0,86
190000.0,Itaquera,2.0,1.0,41
152900.0,Sacomã,2.0,1.0,32
152900.0,Pirituba,2.0,1.0,41
152900.0,Pirituba,2.0,1.0,41
795000.0,Morumbi,3.0,5.0,122
260000.0,Mooca,2.0,1.0,48
215000.0,Cidade Ademar,2.0,1.0,45
184900.0,Cambuci,2.0,1.0,41
510000.0,Moema,1.0,1.0,55
380000.0,Jardins,1.0,1.0,35
330000.0,Jardins,1.0,1.0,29
602000.0,Aclimação,2.0,2.0,68
1677454.0,Ipiranga,4.0,4.0,170
322000.0,Belém,2.0,2.0,55
379000.0,Belém,3.0,,65
1780000.0,Brooklin,4.0,6.0,160
996000.0,Ipiranga,3.0,4.0,103
720000.0,Centro,3.0,2.0,90
430000.0,Saúde,2.0,1.0,52
1800000.0,Centro,3.0,5.0,171
1200000.0,Saúde,3.0,5.0,137
730000.0,Saúde,3.0,2.0,82
1670000.0,Saúde,3.0,3.0,136
690000.0,Centro,3.0,2.0,70
1500000.0,Moema,3.0,3.0,120
1190000.0,Saúde,2.0,3.0,99
240000.0,Brooklin,1.0,1.0,32
320000.0,Moema,1.0,1.0,33
320000.0,Pinheiros,1.0,1.0,28
2100000.0,Jardins,4.0,4.0,133
2850000.0,Aclimação,4.0,4.0,250
720000.0,Pinheiros,1.0,2.0,74
990000.0,Pinheiros,2.0,2.0,95
2550000.0,Aclimação,4.0,5.0,250
980000.0,Pinheiros,1.0,2.0,125
310000.0,Higienópolis,1.0,1.0,32
320000.0,Moema,1.0,1.0,32
299900.0,Jabaquara,1.0,1.0,50
325000.0,Jardins,1.0,1.0,36
760000.0,Jardins,1.0,1.0,62
2900000.0,Perdizes,4.0,6.0,264
655000.0,Morumbi,3.0,3.0,106
1099000.0,Panamby,4.0,5.0,182
1550000.0,Panamby,4.0,5.0,200
1510000.0,Panamby,3.0,5.0,200
2380000.0,Higienópolis,3.0,9.0,290
2950000.0,Higienópolis,3.0,5.0,276
1390000.0,Perdizes,3.0,4.0,136
220000.0,Moema,1.0,1.0,27
265000.0,Butantã,2.0,1.0,57
290000.0,Jardins,1.0,1.0,33
220000.0,Moema,1.0,1.0,26
220000.0,Moema,1.0,1.0,26
380000.0,Tatuapé,3.0,2.0,70
220000.0,Aclimação,,1.0,40
1050000.0,Jardins,2.0,2.0,80
2200000.0,Brooklin,3.0,6.0,205
2900000.0,Brooklin,3.0,5.0,240
2450000.0,Brooklin,3.0,4.0,178
2200000.0,Pinheiros,2.0,4.0,150
2400000.0,Brooklin,3.0,4.0,200
297000.0,Consolação,1.0,1.0,42
2730280.0,Indianópolis,3.0,2.0,163
180000.0,Mirandópolis,1.0,1.0,25
590000.0,Aclimação,2.0,1.0,65
315000.0,Tatuapé,2.0,1.0,51
5000000.0,Vila Madalena,4.0,6.0,276
778000.0,Morumbi,3.0,5.0,142
337000.0,Morumbi,3.0,3.0,67
340000.0,Morumbi,2.0,2.0,67
420000.0,Pinheiros,2.0,1.0,50
149900.0,Sacomã,2.0,1.0,32
575000.0,Pinheiros,1.0,1.0,43
850000.0,Jaguaré,3.0,5.0,102
679600.0,Tatuapé,4.0,2.0,104
295000.0,Jardins,1.0,1.0,35
2300000.0,Aclimação,4.0,4.0,172
2350000.0,Pacaembu,4.0,4.0,298
260000.0,Mooca,2.0,1.0,45
110000.0,Butantã,2.0,1.0,50
641000.0,Mooca,3.0,2.0,85
238000.0,Moema,1.0,1.0,30
750000.0,Pinheiros,1.0,1.0,43
330000.0,Mooca,2.0,1.0,50
330000.0,Mooca,2.0,1.0,51
320000.0,Freguesia Do Ó,2.0,1.0,55
1049000.0,Indianópolis,3.0,4.0,118
550000.0,Aclimação,2.0,2.0,72
1380000.0,Aclimação,3.0,3.0,111
159900.0,Brás,1.0,1.0,30
1200000.0,Higienópolis,3.0,2.0,115
1385000.0,Pinheiros,3.0,4.0,104
650000.0,Aclimação,1.0,1.0,105
430000.0,Moema,1.0,1.0,38
530000.0,Moema,1.0,1.0,53
480000.0,Saúde,2.0,2.0,50
650000.0,Pinheiros,1.0,1.0,44
1000000.0,Pinheiros,2.0,2.0,71
265000.0,República,,1.0,45
370000.0,Jaguaré,2.0,2.0,72
440000.0,Consolação,1.0,1.0,35
200000.0,Penha,2.0,1.0,47
720000.0,Consolação,1.0,1.0,45
710000.0,Moema,2.0,3.0,90
1350000.0,Morumbi,3.0,5.0,170
340000.0,Saúde,1.0,1.0,35
1180000.0,Perdizes,4.0,5.0,155
1450000.0,Perdizes,3.0,5.0,170
790000.0,Pompéia,2.0,3.0,90
350000.0,Moema,1.0,1.0,30
320000.0,Mooca,2.0,2.0,55
250000.0,Morumbi,2.0,1.0,63
240000.0,Pirituba,3.0,1.0,60
895000.0,Tatuapé,3.0,,112
590000.0,Tatuapé,2.0,2.0,80
950000.0,Tatuapé,3.0,3.0,146
149900.0,Sacomã,2.0,1.0,32
149900.0,Sacomã,2.0,1.0,32
149900.0,Sacomã,,1.0,32
340000.0,Ipiranga,2.0,1.0,55
1400000.0,Cambuci,3.0,4.0,133
279000.0,Morumbi,3.0,1.0,69
149900.0,Sacomã,2.0,1.0,32
149900.0,Sacomã,1.0,1.0,32
419000.0,Ipiranga,2.0,2.0,56
1378000.0,Moema,3.0,3.0,102
360000.0,Jardins,1.0,1.0,42
300000.0,Moema,1.0,1.0,33
380000.0,Jardins,1.0,1.0,35
380000.0,Pinheiros,2.0,1.0,35
365000.0,Butantã,2.0,2.0,60
2770000.0,Indianópolis,4.0,3.0,163
379900.0,Sapopemba,4.0,3.0,143
975000.0,Aclimação,2.0,2.0,87
3200000.0,Pacaembu,,5.0,370
2280000.0,Santana,3.0,4.0,250
221000.0,Santana,2.0,1.0,34
1750000.0,Perdizes,3.0,4.0,160
285000.0,Itaquera,2.0,1.0,50
660000.0,Saúde,1.0,1.0,69
270000.0,Consolação,1.0,1.0,30
240000.0,Jardins,1.0,1.0,30
250000.0,Jaguaré,,,50
320000.0,Moema,1.0,1.0,38
388461.0,República,1.0,1.0,39
640000.0,Jardins,1.0,1.0,60
2390000.0,Ipiranga,4.0,5.0,252
415000.0,Saúde,1.0,1.0,35
375000.0,Saúde,1.0,1.0,35
587679.0,Saúde,2.0,2.0,58
310000.0,Tatuapé,2.0,1.0,50
175000.0,Belém,2.0,1.0,41
326000.0,Tatuapé,2.0,1.0,49
553000.0,Jaguaré,3.0,2.0,70
5950000.0,Moema,4.0,6.0,324
255000.0,Jardins,1.0,1.0,31
420000.0,Jardins,1.0,1.0,12
240000.0,Consolação,1.0,1.0,23
430000.0,Moema,1.0,1.0,38
1070000.0,Indianópolis,4.0,4.0,145
379000.0,Belém,3.0,2.0,65
240000.0,Centro,1.0,1.0,22
699000.0,Mooca,3.0,2.0,94
360000.0,Mooca,2.0,1.0,50
400000.0,Mooca,3.0,2.0,63
340000.0,Mooca,2.0,1.0,55
350000.0,Mooca,2.0,1.0,50
1150000.0,Paraíso,3.0,3.0,108
400000.0,Centro,3.0,2.0,64
515000.0,Perdizes,2.0,2.0,78
480000.0,Consolação,1.0,2.0,47
1320000.0,Tatuapé,4.0,2.0,164
400000.0,Ipiranga,2.0,2.0,90
400000.0,Aclimação,2.0,1.0,75
395000.0,Ipiranga,2.0,2.0,87
395000.0,Ipiranga,2.0,1.0,56
450000.0,Saúde,2.0,2.0,69
750000.0,Paraíso,2.0,1.0,107
570000.0,Limão,3.0,2.0,78
340000.0,Brooklin,1.0,1.0,29
480000.0,Moema,1.0,1.0,55
400000.0,Pinheiros,1.0,1.0,32
1300000.0,Interlagos,3.0,2.0,144
188900.0,Brás,1.0,1.0,22
179900.0,Centro,2.0,1.0,45
1350000.0,Pinheiros,2.0,3.0,90
1230000.0,Panamby,4.0,,163
2660000.0,Ipiranga,3.0,5.0,213
1170000.0,Ipiranga,3.0,4.0,146
960000.0,Saúde,3.0,3.0,97
950000.0,Ipiranga,4.0,4.0,135
210000.0,República,1.0,1.0,34
285000.0,Interlagos,3.0,1.0,60
570000.0,Higienópolis,2.0,1.0,40
305000.0,Consolação,1.0,1.0,27
235000.0,Jardins,1.0,1.0,23
320000.0,Jaguaré,2.0,1.0,46
280000.0,Jaguaré,2.0,2.0,65
450000.0,Jardins,1.0,1.0,40
265000.0,Brooklin,1.0,1.0,32
298000.0,Paraíso,1.0,1.0,33
300000.0,Moema,1.0,1.0,33
200000.0,Morumbi,1.0,1.0,35
980000.0,Ipiranga,3.0,5.0,222
199000.0,Liberdade,1.0,1.0,37
420000.0,Sacomã,2.0,2.0,67
1390000.0,Pinheiros,3.0,3.0,102
639000.0,Pinheiros,2.0,2.0,70
225000.0,Paraíso,1.0,1.0,28
425000.0,Pinheiros,1.0,1.0,27
690000.0,Panamby,1.0,2.0,82
315000.0,Moema,1.0,1.0,30
580000.0,Jardins,2.0,1.0,45
260000.0,Limão,2.0,1.0,59
5240000.0,Paraíso,4.0,6.0,345
240000.0,Itaquera,4.0,2.0,90
285000.0,Parque Novo Mundo,,1.0,54
585000.0,Saúde,2.0,2.0,56
320000.0,Pinheiros,1.0,1.0,28
430000.0,Ipiranga,2.0,2.0,63
360000.0,Moema,1.0,1.0,32
1350000.0,Saúde,2.0,3.0,104
2750000.0,Moema,4.0,5.0,229
420000.0,Perdizes,1.0,1.0,37
430000.0,Higienópolis,1.0,,39
